time,ax (m/s^2),ay (m/s^2),az (m/s^2),aT (m/s^2)
0.000712,-0.0007,-0.2790,-0.1913,0.338
0.009795,0.1221,-0.1510,-0.3347,0.387
0.019545,0.1570,-0.0006,-0.3813,0.412
0.029728,0.1118,-0.0054,-0.3295,0.348
0.039514,0.1007,-0.1083,-0.2257,0.270
0.052191,0.0914,-0.1811,-0.1172,0.234
0.070911,0.0773,-0.2547,-0.0103,0.266
0.071247,0.0618,-0.2757,0.0776,0.293
0.079052,0.0878,-0.2727,0.1051,0.305
0.089028,0.0967,-0.2709,0.0936,0.303
0.099017,0.1003,-0.2773,0.0778,0.305
0.109042,0.1206,-0.2633,0.0363,0.292
0.118918,0.1144,-0.2481,-0.0082,0.273
0.128667,0.1108,-0.2424,-0.0099,0.267
0.139280,0.1307,-0.2304,-0.0287,0.266
0.152308,0.1264,-0.2140,-0.0172,0.249
0.172298,0.1280,-0.2339,0.0060,0.267
0.172801,0.1154,-0.2452,-0.0143,0.271
0.178532,0.0975,-0.2520,-0.0429,0.274
0.188348,0.1249,-0.2795,-0.0126,0.306
0.198183,0.1022,-0.3069,0.0387,0.326
0.208569,0.1028,-0.2869,0.0861,0.317
0.217834,0.1262,-0.2490,0.0766,0.289
0.228079,0.1394,-0.2536,0.0408,0.292
0.239200,0.1715,-0.2339,0.0198,0.291
0.247696,0.1739,-0.2557,-0.0562,0.314
0.257565,0.2054,-0.2706,-0.0547,0.344
0.270450,0.1835,-0.3075,-0.0410,0.360
0.277090,0.1504,-0.3603,-0.0254,0.391
0.287493,0.1510,-0.3661,-0.0214,0.397
0.297385,0.1745,-0.2488,-0.0078,0.304
0.306839,0.1961,-0.0787,-0.0172,0.212
0.317617,0.1108,-0.0593,-0.0869,0.153
0.329129,0.2081,-0.1368,-0.1067,0.271
0.336510,0.3043,-0.1758,-0.1016,0.366
0.346517,0.3257,-0.2884,-0.0995,0.446
0.381205,0.3194,-0.3821,-0.0640,0.502
0.381621,0.3283,-0.4862,-0.0341,0.588
0.381837,0.4042,-0.5868,-0.0131,0.713
0.386584,0.4643,-0.6661,0.0518,0.814
0.400130,0.4909,-0.6698,0.1031,0.837
0.411816,0.4864,-0.5879,0.1221,0.773
0.415780,0.4597,-0.4629,0.1264,0.664
0.425920,0.4046,-0.3606,0.1383,0.559
0.435670,0.3577,-0.2522,0.1514,0.463
0.445750,0.3003,-0.2076,0.1302,0.388
0.456888,0.2197,-0.1773,0.0898,0.296
0.492751,0.1147,-0.1788,0.0574,0.220
0.493363,0.0174,-0.2044,0.0301,0.207
0.493712,-0.1556,-0.1815,-0.0175,0.240
0.499184,-0.3522,-0.1715,0.0151,0.392
0.505306,-0.4850,-0.1877,-0.0071,0.520
0.515032,-0.6263,-0.1993,-0.0546,0.660
0.526301,-0.7850,-0.2381,-0.0703,0.823
0.535087,-0.8949,-0.2815,-0.0902,0.942
0.545100,-0.9317,-0.3299,-0.0308,0.989
0.555508,-0.8816,-0.3664,0.1404,0.965
0.566266,-0.7042,-0.3698,0.3314,0.862
0.576054,-0.4840,-0.3442,0.4375,0.738
0.584355,-0.2872,-0.2590,0.4069,0.561
0.594538,-0.1872,-0.1288,0.2606,0.346
0.604206,-0.1607,0.0190,0.1387,0.213
0.613653,-0.2207,0.1676,0.0269,0.278
0.624000,-0.2980,0.2273,-0.0220,0.375
0.633978,-0.3457,0.1880,0.0298,0.395
0.644365,-0.3933,0.0645,0.1709,0.434
0.655347,-0.4184,-0.1331,0.4010,0.595
0.667355,-0.4902,-0.3957,0.7263,0.961
0.673724,-0.5470,-0.6286,1.0323,1.327
0.684085,-0.5357,-0.7902,1.2778,1.595
0.693670,-0.4932,-0.8020,1.4041,1.691
0.703138,-0.4323,-0.6427,1.3831,1.585
0.713144,-0.3750,-0.4024,1.2356,1.352
0.723125,-0.2751,-0.0841,1.0431,1.082
0.733655,-0.1734,0.2414,0.7672,0.823
0.743943,-0.0711,0.4627,0.5809,0.746
0.752599,-0.0730,0.5093,0.4082,0.657
0.762768,-0.2746,0.3163,0.3212,0.528
0.772451,-0.6158,-0.1362,0.3209,0.708
0.782177,-0.9073,-0.5525,0.3916,1.132
0.792973,-1.0795,-0.9082,0.4917,1.494
0.803128,-1.1421,-1.2090,0.4831,1.732
0.812149,-1.1598,-1.3955,0.2775,1.836
0.822692,-1.1254,-1.4208,0.0875,1.815
0.834853,-1.0075,-1.3448,-0.0642,1.682
0.845365,-0.8608,-1.2233,-0.0818,1.498
0.851480,-0.7353,-1.0510,-0.0168,1.283
0.862249,-0.6073,-0.8644,0.1357,1.065
0.872365,-0.5257,-0.6465,0.2898,0.882
0.881173,-0.4268,-0.4628,0.4303,0.763
0.894716,-0.3762,-0.3292,0.5584,0.749
0.901261,-0.3349,-0.2431,0.6779,0.794
0.913383,-0.2501,-0.1668,0.7792,0.835
0.923573,-0.1944,-0.1137,0.8078,0.839
0.931070,-0.1408,-0.1243,0.8052,0.827
0.940964,-0.1405,-0.1046,0.8385,0.857
0.951354,-0.1751,-0.0741,0.9160,0.936
0.964193,-0.1894,-0.0687,1.0169,1.037
0.981302,-0.2257,-0.0844,1.1173,1.143
0.981862,-0.2354,-0.1019,1.1529,1.181
0.997291,-0.2620,-0.1311,1.1645,1.201
1.005357,-0.3252,-0.1807,1.1342,1.194
1.010907,-0.3534,-0.1662,1.1054,1.172
1.020724,-0.4164,-0.1059,1.1150,1.195
1.030530,-0.4520,-0.0673,1.1987,1.283
1.040350,-0.4771,-0.0455,1.2333,1.323
1.049833,-0.4435,-0.0579,1.1846,1.266
1.062342,-0.3014,-0.0897,1.0119,1.060
1.085132,-0.0952,0.0593,0.6628,0.672
1.085653,-0.1773,0.6874,0.2175,0.742
1.092213,-0.4738,1.8012,-0.1562,1.869
1.099413,-0.6606,3.2541,-0.5648,3.368
1.110210,-0.4568,4.6280,-1.2869,4.825
1.119152,-0.0972,5.3657,-2.0456,5.743
1.129048,0.0988,5.4940,-2.7158,6.129
1.139215,0.2999,5.0041,-3.0807,5.884
1.148492,0.5332,3.8624,-2.7345,4.762
1.161970,0.8338,1.7848,-1.8621,2.711
1.183883,0.9795,-0.6600,-0.8963,1.483
1.184465,0.9786,-2.6715,-0.1022,2.847
1.190523,0.7986,-4.2180,0.2686,4.301
1.198426,0.6441,-5.0293,0.1687,5.073
1.208283,0.5112,-4.9852,-0.0950,5.012
1.218237,0.4591,-4.0945,-0.2015,4.125
1.228024,0.5182,-2.4187,-0.1930,2.481
1.237924,0.5334,-0.5395,-0.2728,0.806
1.249119,0.5657,1.2012,-0.5174,1.425
1.263462,0.6854,2.6270,-0.7996,2.830
1.268045,0.9417,3.5383,-1.0795,3.817
1.286282,1.2348,3.7300,-1.2812,4.133
1.293648,1.4091,3.1801,-1.3135,3.718
1.300219,1.2646,2.0574,-1.0858,2.648
1.307656,1.0553,0.5863,-0.6125,1.354
1.317354,0.8517,-0.8784,-0.0814,1.226
1.327714,0.4386,-2.1792,0.3562,2.251
1.338563,0.0131,-3.2039,0.5342,3.248
1.346944,-0.3030,-3.8285,0.4271,3.864
1.362882,-0.5843,-4.0208,0.0774,4.064
1.370220,-0.7123,-3.8534,-0.2932,3.930
1.383542,-0.7632,-3.3823,-0.5856,3.516
1.390297,-0.7474,-2.7035,-0.7969,2.916
1.397028,-0.7174,-1.8788,-0.8819,2.196
1.407069,-0.5964,-1.0672,-0.8225,1.474
1.417639,-0.3655,-0.3949,-0.7128,0.893
1.428957,-0.0364,0.0030,-0.5719,0.573
1.436051,0.2730,0.1942,-0.4082,0.528
1.446212,0.4154,0.2659,-0.3127,0.584
1.455906,0.5233,0.2922,-0.2406,0.646
1.465792,0.6145,0.2127,-0.1770,0.674
1.487641,0.7393,0.0489,-0.1593,0.758
1.488186,0.8905,-0.2413,-0.1167,0.930
1.502155,0.9636,-0.6485,0.1055,1.166
1.508949,0.9291,-1.0483,0.2980,1.432
1.518271,0.7994,-1.3498,0.5021,1.647
1.525516,0.5868,-1.5026,0.6929,1.756
1.535529,0.3292,-1.5108,0.7900,1.736
1.546400,0.1538,-1.4505,0.8884,1.708
1.555359,-0.0489,-1.3191,1.0050,1.659
1.566559,-0.1423,-1.1790,1.2058,1.692
1.589619,-0.0804,-0.9991,1.3914,1.715
1.590631,0.0866,-0.7295,1.5072,1.677
1.598885,0.2115,-0.4742,1.6407,1.721
1.607567,0.2805,-0.1950,1.8594,1.891
1.615100,0.2861,0.1260,2.1565,2.179
1.623917,0.1951,0.4725,2.4252,2.478
1.634184,0.0491,0.8019,2.6300,2.750
1.643974,-0.0638,1.1333,2.7109,2.939
1.653917,-0.1180,1.4943,2.6962,3.085
1.667649,-0.1279,1.8787,2.6807,3.276
1.690008,-0.1522,2.3856,2.5109,3.467
1.690847,-0.0602,2.8656,1.7895,3.379
1.700026,0.4071,3.3359,0.4035,3.385
1.707567,1.4757,4.0492,-1.0518,4.436
1.715212,3.0628,4.8637,-1.5954,5.965
1.722995,4.0719,5.8964,-1.5388,7.329
1.733621,3.5823,6.3055,-0.9718,7.317
1.742750,1.8572,5.8206,-0.8376,6.167
1.753590,-0.1458,4.9156,-1.5601,5.159
1.768966,-1.4707,3.6534,-2.6475,4.746
1.774273,-2.0242,2.3718,-3.6307,4.786
1.792645,-2.3827,1.2048,-4.1452,4.931
1.793622,-2.4548,0.1196,-4.1280,4.804
1.802428,-2.2254,-0.7690,-3.7312,4.412
1.812243,-1.5446,-1.3043,-3.1375,3.732
1.822265,-0.5072,-1.3697,-2.5134,2.907
1.832823,0.5447,-1.0709,-2.0022,2.335
1.843750,1.3335,-0.4440,-1.7497,2.244
1.854422,1.4675,0.4445,-1.7668,2.339
1.861765,1.4298,1.2488,-2.0300,2.779
1.874284,1.4485,1.7842,-2.3243,3.269
1.890465,1.3323,2.0964,-2.4514,3.490
1.897929,1.0600,2.1521,-2.4490,3.428
1.905094,0.7263,1.9324,-2.2588,3.060
1.913140,0.3485,1.4759,-1.9263,2.452
1.921505,-0.0249,0.8955,-1.4675,1.719
1.933082,-0.3141,0.2804,-1.0378,1.120
1.944809,-0.4566,-0.3027,-0.7256,0.909
1.951570,-0.4688,-0.8716,-0.5755,1.145
1.961540,-0.4060,-1.4956,-0.4562,1.615
1.971184,-0.4533,-2.0776,-0.3493,2.155
1.995272,-0.4867,-2.5422,-0.4225,2.623
1.996144,-0.5446,-2.8729,-0.6170,2.988
2.003737,-0.7077,-3.0495,-0.8276,3.238
2.011303,-0.8018,-3.0793,-0.9961,3.334
2.022586,-0.8222,-3.0191,-1.0820,3.311
2.030604,-0.7993,-2.8991,-1.0973,3.201
2.040266,-0.7071,-2.7418,-1.0717,3.028
2.050119,-0.5754,-2.6262,-1.0106,2.872
2.059898,-0.3834,-2.5461,-0.8955,2.726
2.082936,-0.2268,-2.5472,-0.8061,2.681
2.083792,0.0029,-2.5871,-0.7598,2.696
2.091924,0.1485,-2.6235,-0.7760,2.740
2.103985,0.2119,-2.6757,-0.8145,2.805
2.111401,0.2972,-2.7088,-0.9080,2.872
2.119884,0.2957,-2.7698,-1.1246,3.004
2.130024,0.2437,-2.8789,-1.2930,3.165
2.139182,0.0812,-3.0090,-1.3018,3.280
2.148946,-0.0939,-3.1202,-1.2721,3.371
2.160262,-0.2879,-3.1722,-1.1691,3.393
2.182261,-0.4177,-3.0938,-0.9836,3.273
2.182965,-0.5063,-2.8910,-0.7416,3.027
2.189227,-0.6296,-2.5561,-0.5017,2.680
2.198347,-0.6687,-2.1870,-0.3215,2.309
2.208305,-0.6199,-1.7370,-0.2002,1.855
2.218353,-0.5491,-1.1928,-0.1000,1.317
2.227906,-0.4591,-0.4613,0.1114,0.660
2.237790,-0.4322,0.4524,0.3256,0.705
2.247804,-0.4270,1.4470,0.5690,1.612
2.260786,-0.4661,2.4327,0.9073,2.638
2.282431,-0.6838,3.1406,1.3180,3.474
2.283188,-0.8876,3.4605,1.7638,3.984
2.290335,-1.0088,3.3346,2.2206,4.131
2.297834,-1.1505,2.6465,2.7432,3.982
2.307342,-0.7881,1.7361,3.4014,3.899
2.317228,-0.0559,1.3129,3.9498,4.163
2.327146,0.4630,1.4287,4.0608,4.330
2.336785,0.7860,1.8035,3.5905,4.094
2.347858,0.7104,2.5385,2.9058,3.923
2.363195,0.4581,4.0759,2.1324,4.623
2.367714,0.5687,6.1309,1.2048,6.274
2.384361,1.0213,8.0400,-0.2715,8.109
2.391929,1.6041,9.1432,-2.2492,9.551
2.399455,2.1020,8.9857,-3.9371,10.033
2.406635,1.9371,7.2509,-4.4637,8.732
2.416074,1.2388,5.0299,-3.7099,6.372
2.426817,0.4455,3.0608,-2.5640,4.018
2.436517,-0.0634,1.2220,-1.7994,2.176
2.445898,0.0733,-0.5170,-1.4358,1.528
2.455796,0.4195,-1.9805,-1.4950,2.517
2.470215,0.5117,-2.9154,-1.9268,3.532
2.481392,0.4708,-3.2076,-2.3896,4.027
2.489345,0.4074,-2.7875,-2.6110,3.841
2.495969,0.5308,-1.6305,-2.3913,2.943
2.505739,0.6867,-0.6596,-1.8562,2.086
2.515586,0.8224,-0.1037,-1.2458,1.496
2.525858,0.8151,0.1878,-0.6562,1.063
2.535164,0.6179,0.1406,-0.3035,0.703
2.545511,0.3123,-0.1916,-0.1192,0.385
2.555388,0.0548,-0.6281,-0.0505,0.632
2.566278,-0.2673,-0.9950,-0.0532,1.032
2.576876,-0.6100,-1.3441,-0.1346,1.482
2.584467,-0.8936,-1.7332,-0.3599,1.983
2.594710,-1.1068,-2.1591,-0.5807,2.495
2.605669,-1.2760,-2.5893,-0.8175,3.000
2.617376,-1.3468,-3.0329,-0.9995,3.466
2.624809,-1.3059,-3.5102,-1.1837,3.928
2.639140,-1.0433,-3.8643,-1.2914,4.206
2.644541,-0.4440,-4.0265,-1.3054,4.256
2.653720,0.3205,-4.0475,-1.2760,4.256
2.663593,1.2687,-3.9214,-1.1852,4.289
2.676818,2.0603,-3.6932,-1.0974,4.369
2.700308,2.3996,-3.3769,-0.9625,4.253
2.701036,2.3444,-3.0346,-0.9636,3.954
2.707802,1.7472,-2.6728,-1.0213,3.353
2.715120,1.0442,-2.3638,-1.0319,2.783
2.723339,0.6146,-2.1046,-1.0260,2.421
2.733506,0.3149,-1.8561,-0.9825,2.124
2.743131,0.0869,-1.6054,-0.9218,1.853
2.752948,-0.0446,-1.4077,-0.8268,1.633
2.769293,-0.1155,-1.2552,-0.6650,1.425
2.792005,-0.1402,-1.0981,-0.5217,1.224
2.793929,-0.0822,-0.9016,-0.4010,0.990
2.794742,0.0002,-0.7195,-0.2783,0.771
2.803196,0.1262,-0.5572,-0.3206,0.655
2.812573,0.2922,-0.3920,-0.3363,0.593
2.822878,0.4806,-0.2821,-0.2462,0.609
2.832622,0.6159,-0.2086,-0.1107,0.660
2.841948,0.6588,-0.1978,0.0824,0.693
2.852393,0.5735,-0.3133,0.2947,0.717
2.866224,0.4477,-0.5411,0.4475,0.833
2.874412,0.2336,-0.8278,0.4633,0.977
2.899292,0.0093,-1.1010,0.4602,1.193
2.899902,-0.1799,-1.3472,0.4682,1.438
2.907309,-0.3116,-1.4733,0.5394,1.600
2.914692,-0.3344,-1.4649,0.6838,1.651
2.921604,-0.1535,-1.3403,0.8935,1.618
2.931551,0.1320,-1.1256,1.1498,1.614
2.942183,0.3712,-0.8806,1.3846,1.682
2.953420,0.4703,-0.6263,1.5607,1.746
2.967718,0.3751,-0.3976,1.7373,1.821
2.971289,0.1854,-0.2935,1.9731,2.003
2.990458,-0.0042,-0.2673,2.1667,2.183
2.998954,-0.1887,-0.1461,2.1946,2.208
3.007139,-0.2986,0.0726,1.9919,2.015
3.014781,-0.2123,0.4620,1.6188,1.697
3.022461,-0.0892,1.0668,1.0669,1.511
3.032386,0.3065,1.9252,0.6992,2.071
3.040358,0.8648,3.1597,0.6233,3.335
3.051340,1.3326,4.8750,0.8321,5.122
3.060614,1.8015,6.7946,0.9729,7.096
3.069876,1.9592,8.5165,0.6983,8.767
3.091462,1.7177,9.3478,0.1159,9.505
3.092338,1.3190,8.6076,-0.5168,8.723
3.100900,0.8621,6.2800,-0.8604,6.397
3.114759,0.4587,4.1411,-0.9655,4.277
3.121962,0.1618,2.6049,-1.1085,2.836
3.129045,0.0050,1.3415,-1.3513,1.904
3.139534,-0.1791,0.4458,-1.5460,1.619
3.149395,-0.4111,-0.2129,-1.8049,1.863
3.159110,-0.7104,-0.6783,-2.0919,2.311
3.169313,-0.9435,-0.7958,-2.4371,2.732
3.195293,-1.1542,-0.6416,-2.7656,3.065
3.195934,-1.2144,-0.3143,-2.9121,3.171
3.204309,-1.1554,0.1130,-2.7548,2.989
3.211597,-1.1097,0.5934,-2.5078,2.806
3.222232,-1.1332,0.8564,-2.1578,2.583
3.228385,-1.1324,0.7306,-1.7620,2.218
3.238376,-0.9594,0.3580,-1.3730,1.713
3.248943,-0.7232,-0.1494,-0.9824,1.229
3.258171,-0.5003,-0.6552,-0.6194,1.031
3.270643,-0.3170,-1.1025,-0.3920,1.212
3.302393,-0.1829,-1.4666,-0.2175,1.494
3.303118,-0.1235,-1.6902,-0.1628,1.703
3.303525,-0.0404,-1.7499,-0.1541,1.757
3.309422,-0.0058,-1.7159,-0.1617,1.724
3.317713,-0.0123,-1.5822,-0.1794,1.592
3.327950,-0.0514,-1.3235,-0.1922,1.338
3.337518,-0.1632,-1.0320,-0.1965,1.063
3.347353,-0.3375,-0.7977,-0.2435,0.900
3.364051,-0.5930,-0.5898,-0.3042,0.890
3.371805,-0.7972,-0.5374,-0.3762,1.032
3.404948,-0.8921,-0.6292,-0.4136,1.167
3.405869,-0.8961,-0.8154,-0.4277,1.285
3.406462,-0.8336,-1.1426,-0.3488,1.457
3.406830,-0.7569,-1.5067,-0.3098,1.714
3.416322,-0.5529,-1.9061,-0.3789,2.021
3.426619,-0.3128,-2.3061,-0.5849,2.400
3.436173,-0.0870,-2.7201,-0.8915,2.864
3.446399,0.1252,-3.0990,-1.1830,3.319
3.458270,0.2548,-3.3697,-1.2670,3.609
3.466467,0.3107,-3.5519,-1.1104,3.734
3.476108,0.2799,-3.7112,-0.8045,3.808
3.506984,0.3299,-3.9559,-0.4752,3.998
3.507804,0.4424,-4.1486,-0.2660,4.181
3.508220,0.4100,-4.0387,-0.1884,4.064
3.515777,0.1020,-3.8920,-0.2205,3.900
3.525239,-0.4793,-3.6045,-0.1787,3.641
3.536823,-1.0907,-3.0728,-0.1025,3.262
3.547199,-1.5070,-2.4034,0.0147,2.837
3.555073,-1.4831,-1.8482,0.2254,2.380
3.566504,-1.0782,-1.4625,0.5381,1.895
3.578945,-0.7747,-1.1289,0.7645,1.568
3.597766,-0.6512,-0.7893,0.8244,1.314
3.598930,-0.5587,-0.4506,0.7174,1.015
3.605263,-0.4733,-0.0755,0.5458,0.726
3.615363,-0.3688,0.3303,0.3836,0.626
3.625141,-0.1879,0.6287,0.2219,0.693
3.636227,0.0085,0.7869,0.3168,0.848
3.644047,0.1715,0.8534,0.6567,1.090
3.654951,0.2390,0.8400,1.2096,1.492
3.663908,0.2502,0.6787,1.7437,1.888
3.683706,0.1821,0.4466,2.2074,2.260
3.684505,-0.0047,0.1744,2.5691,2.575
3.693598,-0.2259,-0.0502,2.7208,2.731
3.704213,-0.3874,-0.1815,2.6241,2.659
3.718312,-0.4235,-0.1693,2.3734,2.417
3.723182,-0.2672,-0.0561,2.1442,2.162
3.733478,-0.0317,0.1488,1.8619,1.868
3.743558,-0.0213,0.6358,1.6516,1.770
3.754138,-0.1582,1.7421,1.3083,2.184
3.776667,-0.2226,3.5030,0.8246,3.606
3.777658,-0.1793,5.2101,0.5074,5.238
3.784181,0.3955,6.2275,0.2969,6.247
3.794308,1.0786,6.6061,0.4187,6.707
3.805933,1.1466,6.7901,0.5787,6.910
3.812690,0.8253,6.4239,0.1194,6.478
3.822621,0.4856,5.1609,-0.3010,5.192
3.832416,0.3863,3.8615,-0.5153,3.915
3.841854,0.2168,3.0874,-0.6720,3.167
3.852877,-0.0612,2.5271,-1.0739,2.746
3.874545,-0.0848,2.0106,-1.6541,2.605
3.875334,0.3129,1.2871,-2.2642,2.623
3.881814,0.8670,0.4638,-2.8792,3.042
3.891397,1.1974,-0.1623,-3.1371,3.362
3.901338,1.2985,-0.4974,-3.1716,3.463
3.912463,1.1927,-0.6260,-2.8692,3.170
3.921692,0.9005,-0.5986,-2.4183,2.649
3.931719,0.4960,-0.4370,-1.9769,2.084
3.941478,0.2445,-0.1524,-1.5285,1.555
3.952903,0.1925,0.0518,-1.1497,1.167
3.965161,0.2391,-0.0185,-0.9674,0.997
3.971087,0.3744,-0.1942,-0.8744,0.971
3.986835,0.6127,-0.4321,-0.7868,1.087
3.994475,0.8190,-0.6505,-0.5812,1.197
4.001109,0.8095,-0.7654,-0.3356,1.164
4.010632,0.6208,-0.8409,-0.1364,1.054
4.021130,0.2861,-0.9046,0.0739,0.952
4.030138,-0.0920,-1.1033,0.2152,1.128
4.040043,-0.4687,-1.3771,0.2037,1.469
4.051032,-0.7441,-1.8160,0.0629,1.964
4.060233,-0.9019,-2.2593,0.0146,2.433
4.070426,-0.9323,-2.7714,-0.0059,2.924
4.080891,-0.9488,-3.3099,-0.0321,3.443
4.100705,-0.9199,-3.8096,-0.1244,3.921
4.101655,-0.7246,-4.1785,-0.2295,4.247
4.109695,-0.3823,-4.3860,-0.2944,4.412
4.119577,0.0806,-4.4472,-0.2917,4.457
4.130222,0.5271,-4.3320,-0.2821,4.373
4.141824,0.9359,-4.0702,-0.3453,4.191
4.149577,1.2783,-3.7813,-0.4434,4.016
4.158981,1.5100,-3.4528,-0.4595,3.796
4.170206,1.5425,-3.0759,-0.4021,3.464
4.190383,1.3671,-2.6531,-0.3845,3.009
4.191267,1.0762,-2.2010,-0.3968,2.482
4.199293,0.7005,-1.8184,-0.3894,1.987
4.208762,0.3247,-1.5403,-0.3182,1.606
4.220680,0.0344,-1.3075,-0.1838,1.321
4.231638,-0.1016,-1.0931,-0.0439,1.099
4.238569,-0.1018,-0.9405,0.0639,0.948
4.248594,-0.0039,-0.8264,0.1318,0.837
4.259794,0.1200,-0.8041,0.2244,0.843
4.281221,0.2550,-0.8377,0.3094,0.929
4.282237,0.3413,-0.9690,0.4252,1.112
4.288662,0.4126,-1.0815,0.5287,1.273
4.299221,0.4336,-1.1490,0.5896,1.362
4.310012,0.3942,-1.1792,0.6437,1.400
4.317520,0.3427,-1.1535,0.7464,1.416
4.327754,0.2639,-1.0631,0.8926,1.413
4.337492,0.1294,-1.0302,0.9825,1.429
4.347612,0.0158,-1.0074,0.9999,1.420
4.369403,-0.0801,-0.9512,0.9486,1.346
4.370898,-0.0801,-0.8981,0.9347,1.299
4.382357,-0.0257,-0.9114,1.0002,1.353
4.389153,0.0609,-0.7860,1.2015,1.437
4.399288,0.1643,-0.6195,1.4142,1.553
4.407025,0.1893,-0.5216,1.5679,1.663
4.417040,0.1550,-0.4799,1.8149,1.884
4.427028,0.1573,-0.4256,2.1022,2.151
4.439406,0.1267,-0.3714,2.3152,2.348
4.446699,0.0870,-0.2368,2.4903,2.503
4.457974,-0.0268,0.0384,2.6181,2.618
4.481480,-0.2522,0.4141,2.4807,2.528
4.482491,-0.3959,0.7480,2.3519,2.499
4.489066,-0.5901,1.1969,2.0263,2.426
4.496334,-0.6912,1.7916,1.5374,2.460
4.506019,-0.5541,2.7178,1.1460,3.001
4.515912,-0.2710,4.0738,0.7888,4.158
4.528704,0.1339,5.5722,0.4607,5.593
4.535287,0.3899,6.8990,-0.1255,6.911
4.545736,0.4633,7.6050,-0.7403,7.655
4.560122,0.5578,7.1820,-1.1569,7.296
4.589830,0.6746,5.6497,-1.2531,5.826
4.590919,0.6941,4.0604,-1.0326,4.247
4.591326,0.6738,2.9327,-0.8220,3.119
4.597637,0.4967,2.0370,-0.7613,2.231
4.605209,0.3352,1.2779,-0.8531,1.573
4.615591,0.3361,0.6899,-0.9911,1.253
4.624454,0.3715,0.2339,-1.1266,1.209
4.635155,0.3031,-0.0736,-1.3426,1.378
4.645641,0.0832,-0.2285,-1.7479,1.765
4.656935,-0.2378,-0.1433,-2.2289,2.246
4.664770,-0.5078,0.0682,-2.6450,2.694
4.674490,-0.6486,0.4377,-2.8442,2.950
4.694349,-0.6720,0.8253,-2.7144,2.916
4.694965,-0.6894,1.1208,-2.3300,2.676
4.703757,-0.7345,1.2127,-1.8206,2.308
4.713686,-0.7354,1.0794,-1.3833,1.902
4.724547,-0.6555,0.8006,-1.0502,1.474
4.735418,-0.5185,0.4124,-0.7385,0.992
4.743452,-0.3966,0.0223,-0.4110,0.572
4.753574,-0.3158,-0.2945,-0.2068,0.479
4.772197,-0.2357,-0.5786,-0.1186,0.636
4.773599,-0.0866,-0.8195,-0.2283,0.855
4.789245,0.0971,-1.1099,-0.4109,1.187
4.798498,0.2878,-1.4620,-0.4788,1.565
4.804483,0.4097,-1.8616,-0.4883,1.968
4.814264,0.4284,-2.3107,-0.3879,2.382
4.824580,0.3487,-2.6991,-0.2631,2.734
4.832319,0.2075,-3.0596,-0.2135,3.074
4.843527,-0.0222,-3.3123,-0.2455,3.321
4.852569,-0.3281,-3.4803,-0.3587,3.514
4.863225,-0.6258,-3.5124,-0.4487,3.596
4.901528,-0.8523,-3.4757,-0.5005,3.613
4.902596,-1.0518,-3.3930,-0.5438,3.594
4.902964,-1.1467,-3.2792,-0.6210,3.529
4.903377,-1.1845,-3.1224,-0.6520,3.403
4.912754,-1.1129,-2.9045,-0.6153,3.171
4.922334,-0.9657,-2.6477,-0.6269,2.887
4.931589,-0.8490,-2.3620,-0.6336,2.589
4.941532,-0.6910,-2.1315,-0.6033,2.320
4.951929,-0.5348,-1.9727,-0.5646,2.120
4.963857,-0.4430,-1.8679,-0.5796,2.005
4.999345,-0.3532,-1.7658,-0.5647,1.887
5.000147,-0.2547,-1.6960,-0.4465,1.772
5.000562,-0.1881,-1.6122,-0.2770,1.647
5.000928,-0.1160,-1.5781,-0.1243,1.587
5.010922,-0.0593,-1.5221,-0.0261,1.523
5.020833,-0.0913,-1.4421,0.0463,1.446
5.030658,-0.1076,-1.3278,0.1856,1.345
5.040580,-0.1415,-1.1252,0.3134,1.177
5.050433,-0.0898,-0.9395,0.4144,1.031
5.064015,-0.0023,-0.7950,0.5375,0.960
5.101584,0.0868,-0.6200,0.6260,0.885
5.102431,0.1269,-0.4947,0.6358,0.816
5.102726,0.1408,-0.3157,0.6567,0.742
5.102984,0.1032,-0.1841,0.6883,0.720
5.109327,-0.0208,-0.1206,0.7536,0.763
5.119601,-0.2349,-0.0316,0.8978,0.929
5.129328,-0.4123,-0.0687,0.9988,1.083
5.139249,-0.4975,-0.2809,1.0765,1.219
5.149662,-0.5810,-0.5700,1.1287,1.392
5.160816,-0.6825,-0.7656,1.1307,1.527
5.169086,-0.7483,-0.8393,1.0765,1.557
5.179063,-0.6644,-0.8149,1.0453,1.483
5.199501,-0.5019,-0.7221,1.0665,1.382
5.200187,-0.2626,-0.5868,1.2343,1.392
5.208765,-0.0311,-0.3722,1.3986,1.448
5.219034,0.0816,-0.1657,1.5758,1.587
5.235808,0.1201,0.0038,1.8034,1.807
5.239686,0.0787,0.1463,1.9562,1.963
5.248151,-0.0373,0.2735,1.9876,2.007
5.258505,-0.2054,0.6275,1.6517,1.779
5.269856,-0.5029,1.2660,1.4397,1.982
5.289182,-0.6674,2.1179,1.4864,2.672
5.290532,-0.5109,3.1557,1.3354,3.464
5.298940,-0.0196,4.3908,0.9338,4.489
5.308316,0.5013,5.4396,0.4911,5.485
5.319593,0.8733,6.1180,0.1116,6.181
5.329963,1.1876,6.2901,-0.2171,6.405
5.337633,0.8247,5.7900,-0.2992,5.856
5.347991,0.0713,5.0146,-0.1893,5.019
5.365549,-0.3700,4.3750,-0.1667,4.394
5.370259,-0.2364,3.8132,-0.4185,3.843
5.388326,0.1559,3.2721,-0.8016,3.372
5.389199,0.4634,2.7622,-1.2919,3.084
5.396553,0.7145,2.2005,-1.7972,2.930
5.408022,0.9861,1.5160,-2.1651,2.821
5.416619,1.1932,0.7752,-2.3464,2.744
5.426661,1.2892,-0.0101,-2.2259,2.572
5.437297,1.2191,-0.7389,-1.9691,2.431
5.447478,1.0315,-1.3208,-1.8209,2.475
5.456906,0.7741,-1.6234,-1.7658,2.520
5.468176,0.5334,-1.4723,-1.6979,2.310
5.491754,0.3870,-0.9264,-1.6079,1.896
5.492591,0.2440,-0.4170,-1.5665,1.639
5.499694,0.0995,-0.0811,-1.5124,1.518
5.507786,0.0249,0.0315,-1.3459,1.347
5.517238,0.0020,-0.1135,-1.1130,1.119
5.525312,0.0352,-0.4599,-0.7780,0.904
5.535587,-0.0368,-0.8925,-0.3675,0.966
5.545740,-0.0802,-1.1710,-0.0258,1.174
5.555019,-0.1369,-1.4102,0.2151,1.433
5.569525,-0.2216,-1.5301,0.2664,1.569
5.592181,-0.3431,-1.5781,0.1710,1.624
5.592958,-0.4159,-1.6311,0.1093,1.687
5.601019,-0.3958,-1.7215,0.1656,1.774
5.609162,-0.3126,-1.8781,0.1785,1.912
5.616759,-0.0309,-2.3822,0.0936,2.384
5.624556,0.0746,-2.8325,-0.0054,2.833
5.634574,-0.0118,-2.8491,-0.1323,2.852
5.644325,-0.0666,-3.1401,-0.2527,3.151
5.655139,-0.0966,-3.3322,-0.4147,3.359
5.665652,-0.0813,-3.3713,-0.4929,3.408
5.674188,0.1296,-3.4813,-0.5053,3.520
5.686238,0.4492,-3.5467,-0.3736,3.594
5.702353,0.7059,-3.4873,-0.2336,3.566
5.710314,0.8297,-3.2919,-0.1571,3.399
5.717157,0.7766,-2.9724,-0.2703,3.084
5.724058,0.6523,-2.5672,-0.4617,2.689
5.733857,0.4884,-2.0911,-0.5358,2.213
5.744879,0.5141,-1.6324,-0.5726,1.805
5.755992,0.4866,-1.1862,-0.5222,1.384
5.763702,0.2418,-0.7698,-0.4070,0.904
5.774902,-0.0383,-0.3900,-0.0978,0.404
5.783795,-0.2935,-0.1498,0.2202,0.396
5.803618,-0.3930,-0.0315,0.4987,0.636
5.804288,-0.3698,-0.0558,0.7042,0.797
5.813592,-0.2710,-0.1966,0.8079,0.875
5.823433,-0.0568,-0.4347,0.8848,0.987
5.834851,0.1345,-0.6973,0.9031,1.149
5.845994,0.2123,-0.9201,0.9445,1.336
5.856937,0.2744,-1.0871,0.9107,1.444
5.862158,0.3023,-1.2122,0.8556,1.514
5.872316,0.2960,-1.2663,0.8321,1.544
5.883651,0.2875,-1.2194,0.7583,1.464
5.905554,0.2163,-1.0953,0.6863,1.311
5.906855,0.0919,-0.9389,0.6245,1.131
5.913949,-0.0075,-0.8272,0.5053,0.969
5.921843,-0.1248,-0.7875,0.4483,0.915
5.931968,-0.1365,-0.8144,0.4622,0.946
5.941536,-0.1169,-0.8536,0.5297,1.011
5.951715,-0.1122,-0.9553,0.6559,1.164
5.961886,-0.1446,-1.1266,0.7519,1.362
5.971542,-0.2426,-1.3328,0.8786,1.615
5.995022,-0.3122,-1.4909,1.0769,1.865
5.995896,-0.3403,-1.4881,1.3274,2.023
6.003946,-0.3690,-1.3708,1.6115,2.148
6.011347,-0.3968,-1.1545,1.8643,2.228
6.021304,-0.4627,-0.8212,2.0975,2.300
6.031228,-0.5564,-0.3754,2.3645,2.458
6.041067,-0.6185,0.2035,2.4039,2.491
6.050873,-0.5554,0.8616,2.1245,2.359
6.060285,-0.2125,1.6260,1.7606,2.406
6.072059,0.3655,2.5793,1.4526,2.983
6.099399,0.9536,3.9402,1.3396,4.270
6.100286,1.3382,5.5499,1.3817,5.874
6.100752,1.4218,6.9299,1.2548,7.185
6.109874,1.2112,7.6333,0.9713,7.790
6.119940,0.9370,7.4792,0.3568,7.546
6.129963,0.6964,6.4751,-0.3804,6.524
6.139442,0.5368,5.1765,-1.0754,5.314
6.151825,0.4117,4.0470,-1.4133,4.306
6.162123,0.2732,3.0329,-1.5304,3.408
6.173623,0.1130,2.1053,-1.7039,2.711
6.179348,0.0075,1.2725,-1.9458,2.325
6.194860,-0.1037,0.5606,-2.4592,2.524
6.204683,-0.2386,-0.0444,-2.9412,2.951
6.212276,-0.3381,-0.4516,-3.3443,3.392
6.219359,-0.4018,-0.7055,-3.5588,3.650
6.228531,-0.4122,-0.7395,-3.4985,3.599
6.239503,-0.2757,-0.5035,-3.1455,3.197
6.248869,-0.0103,-0.0949,-2.5923,2.594
6.259948,0.2046,0.3733,-2.0090,2.054
6.268145,0.2354,0.6536,-1.4745,1.630
6.277974,0.2201,0.6813,-1.0731,1.290
6.288942,0.1392,0.5514,-0.8108,0.990
6.306794,0.0593,0.3537,-0.7137,0.799
6.316581,0.0075,0.1651,-0.7278,0.746
6.317524,0.0326,-0.0325,-0.7914,0.793
6.328246,0.1023,-0.1916,-0.7329,0.764
6.338759,0.3855,-0.3194,-0.6178,0.795
6.349337,0.6121,-0.6151,-0.4953,0.999
6.363600,0.6862,-0.8859,-0.3208,1.166
6.367565,0.6207,-1.2108,-0.2519,1.384
6.377682,0.4065,-1.5339,-0.2419,1.605
6.404618,0.0716,-1.8148,-0.2773,1.837
6.405278,-0.3232,-2.0474,-0.3069,2.095
6.411651,-0.6091,-2.2288,-0.4332,2.351
6.418865,-0.8550,-2.4179,-0.5738,2.628
6.428835,-1.0389,-2.6107,-0.7112,2.898
6.436912,-1.0780,-2.8001,-0.8290,3.113
6.446788,-1.0261,-3.0061,-0.9553,3.317
6.456966,-0.8776,-3.1872,-1.0138,3.458
6.467846,-0.6833,-3.2833,-1.0233,3.506
6.477334,-0.4953,-3.3387,-0.9916,3.518
6.505912,-0.3353,-3.3108,-0.9298,3.455
6.506903,-0.1966,-3.2335,-0.8599,3.352
6.507308,-0.1018,-3.1919,-0.7852,3.289
6.515603,-0.0797,-3.0909,-0.7566,3.183
6.526202,-0.0818,-2.9576,-0.6757,3.035
6.536274,-0.0424,-2.8030,-0.5752,2.862
6.546731,-0.0475,-2.6160,-0.4619,2.657
6.556236,-0.0535,-2.3526,-0.3762,2.383
6.566367,-0.1185,-2.0220,-0.2332,2.039
6.577417,-0.2477,-1.6409,-0.1257,1.664
6.608516,-0.4181,-1.2394,0.0379,1.309
6.609298,-0.5911,-0.8439,0.2236,1.054
6.609695,-0.7586,-0.4935,0.3798,0.981
6.615699,-0.8076,-0.1952,0.5543,0.999
6.625654,-0.6627,0.0859,0.6880,0.959
6.635166,-0.4948,0.2526,0.8400,1.007
6.648122,-0.2116,0.3074,0.8046,0.887
6.654560,0.1390,0.2631,0.6576,0.722
6.664347,0.5058,0.1213,0.4414,0.682
6.678645,0.7146,-0.1467,0.3219,0.797
6.686376,0.6836,-0.4110,0.4654,0.923
6.701058,0.4424,-0.5934,0.6448,0.982
6.708360,0.2165,-0.7093,0.7353,1.044
6.715704,0.0236,-0.8035,0.7089,1.072
6.724040,-0.0646,-0.9231,0.6116,1.109
6.733562,0.0489,-1.0083,0.5766,1.163
6.743808,0.2956,-1.0294,0.5623,1.210
6.753730,0.5431,-1.0253,0.6071,1.310
6.766259,0.6980,-1.0285,0.7113,1.432
6.779578,0.7030,-1.0582,0.9605,1.593
6.783708,0.6118,-1.0591,1.2979,1.783
6.811150,0.4408,-0.9904,1.6162,1.946
6.812020,0.2743,-0.8532,1.8728,2.076
6.821212,0.1106,-0.6342,1.9288,2.033
6.828393,0.0046,-0.3615,1.8521,1.887
6.835614,-0.0413,0.0433,1.6997,1.701
6.843853,-0.1482,0.3537,1.4542,1.504
6.855332,-0.4715,0.5591,1.1918,1.398
6.862844,-1.0648,0.7729,1.0473,1.682
6.873289,-1.3413,1.1664,0.9166,2.000
6.882600,-1.2365,1.8401,0.8485,2.374
6.907515,-0.8211,2.8655,0.9485,3.128
6.908300,-0.2212,4.0723,1.0343,4.207
6.914718,0.4379,5.2061,1.1406,5.348
6.923029,1.0532,6.2586,1.2198,6.463
6.932801,1.4351,6.9669,1.1568,7.207
6.944690,1.2901,6.8995,0.9492,7.083
6.952314,0.6672,6.1351,0.5030,6.192
6.965760,-0.1662,5.3107,-0.0112,5.313
6.971653,-0.6817,4.7327,-0.4592,4.804
6.981963,-0.6252,4.2581,-0.9531,4.408
7.008329,-0.3248,3.6789,-1.4945,3.984
7.009220,-0.1425,3.0486,-2.0120,3.656
7.015291,-0.0808,2.2800,-2.4496,3.347
7.023460,0.0696,1.3979,-2.7225,3.061
7.033968,0.2379,0.4416,-2.7071,2.753
7.040752,0.3729,-0.4683,-2.5457,2.615
7.050754,0.5370,-1.1943,-2.3385,2.680
7.060755,0.7025,-1.6046,-2.1849,2.800
7.070735,0.9370,-1.6973,-2.1075,2.864
7.082339,1.1989,-1.5516,-1.9572,2.770
7.114965,1.4937,-1.2764,-1.7107,2.605
7.115615,1.6822,-1.0780,-1.3090,2.389
7.116166,1.6013,-1.0137,-0.7916,2.054
7.123715,1.2464,-1.0483,-0.3285,1.661
7.130727,0.7578,-1.2025,0.0458,1.422
7.139864,0.3367,-1.3545,0.1053,1.400
7.149990,-0.0970,-1.3342,-0.1701,1.348
7.159503,-0.4485,-1.2513,-0.6101,1.463
7.170622,-0.7268,-1.2186,-1.1233,1.810
7.180487,-0.8911,-1.2998,-1.4913,2.170
7.193660,-0.9966,-1.5305,-1.6620,2.469
7.221671,-0.9729,-1.9189,-1.6424,2.707
7.222682,-0.9095,-2.4344,-1.3919,2.948
7.223186,-0.8013,-2.9965,-0.9583,3.246
7.229327,-0.6510,-3.6143,-0.6679,3.733
7.238714,-0.4879,-4.1462,-0.5360,4.209
7.248726,-0.3273,-4.6082,-0.5746,4.655
7.258764,-0.1722,-4.8775,-0.7101,4.932
7.269352,-0.0005,-4.9653,-0.8797,5.043
7.284326,0.1782,-4.7322,-1.0255,4.845
7.288031,0.3961,-4.2614,-1.0136,4.398
7.298534,0.5280,-3.7300,-0.9128,3.876
7.327073,0.6063,-3.1551,-0.8356,3.320
7.327833,0.5430,-2.5813,-0.6628,2.720
7.328248,0.3911,-1.9622,-0.5828,2.084
7.337815,0.2031,-1.3187,-0.6400,1.480
7.348156,0.0410,-0.6823,-0.6518,0.944
7.363430,-0.0446,-0.1193,-0.5814,0.595
7.367241,-0.0161,0.4625,-0.4518,0.647
7.377186,0.0955,1.0560,-0.1986,1.079
7.394258,0.1444,1.3676,0.2166,1.392
7.397766,0.1536,1.4819,0.7006,1.646
7.412665,0.1485,1.5302,1.0272,1.849
7.419783,0.0589,1.3283,1.2237,1.807
7.428012,-0.0498,0.8167,1.3076,1.542
7.437555,-0.1024,0.1695,1.2939,1.309
7.449000,-0.1389,-0.4948,1.2151,1.319
7.457163,-0.1574,-1.0836,1.1335,1.576
7.467189,-0.2548,-1.5412,1.1021,1.912
7.477389,-0.3984,-1.8759,1.0734,2.198
7.486396,-0.4929,-2.0896,1.1141,2.419
7.506535,-0.5602,-2.1641,1.1522,2.515
7.507281,-0.5945,-2.1372,1.1645,2.505
7.516111,-0.6099,-2.0883,1.1951,2.482
7.526849,-0.7041,-2.0873,1.2444,2.530
7.538311,-0.7048,-2.1627,1.4036,2.673
7.549120,-0.5987,-2.2990,1.6428,2.888
7.556146,-0.5136,-2.4365,1.8380,3.095
7.566713,-0.3217,-2.4995,1.9497,3.186
7.575530,-0.2973,-2.3399,1.8710,3.011
7.586518,-0.2651,-1.9086,1.5876,2.497
7.608078,-0.0729,-1.1502,1.1876,1.655
7.608727,0.1240,-0.1311,0.7495,0.771
7.617466,0.2277,0.9860,0.3218,1.062
7.627139,0.2762,2.0300,0.0497,2.049
7.637782,0.2488,2.8649,-0.0454,2.876
7.645366,0.1480,3.3968,0.1632,3.404
7.655049,-0.1522,3.6067,0.5519,3.652
7.665246,-0.6815,3.5628,0.7918,3.713
7.674459,-1.1050,3.2918,0.8946,3.586
7.687452,-1.3861,2.8970,0.8929,3.333
7.708400,-1.6159,2.4930,0.8465,3.089
7.709222,-1.8275,2.1798,0.7738,2.948
7.715936,-1.9013,2.0923,0.6157,2.893
7.724957,-1.4252,2.3973,0.3975,2.817
7.733917,-0.3709,3.1152,0.2140,3.144
7.743514,0.7759,4.3481,0.0245,4.417
7.753778,2.1483,5.2339,-0.1290,5.659
7.763639,3.2569,5.7150,-0.2271,6.582
7.774196,3.9262,5.8924,-0.3181,7.088
7.788641,3.8717,5.5766,-0.4895,6.806
7.810669,2.5833,4.7256,-0.7540,5.438
7.811691,1.0039,3.5768,-1.0415,3.858
7.819495,0.1480,2.3595,-1.1660,2.636
7.826991,-0.4569,1.1819,-1.2297,1.766
7.833897,-0.9120,0.0852,-1.2921,1.584
7.843102,-1.2508,-0.8265,-1.4893,2.113
7.852366,-1.4104,-1.5538,-1.7856,2.755
7.863976,-1.4291,-2.0573,-2.1236,3.284
7.874277,-1.4927,-2.1233,-2.3888,3.527
7.885641,-1.4716,-1.8226,-2.4647,3.400
7.892894,-1.1808,-1.3115,-2.2617,2.869
7.902582,-0.9007,-0.8838,-1.7674,2.172
7.933586,-0.7580,-0.7149,-1.2576,1.633
7.934642,-0.6906,-0.7399,-0.8751,1.338
7.934966,-0.5748,-0.8127,-0.6120,1.169
7.941355,-0.3311,-0.8376,-0.4736,1.018
7.952793,-0.0931,-0.7994,-0.3438,0.875
7.964670,0.1468,-0.7052,-0.2016,0.748
7.971617,0.3636,-0.5951,-0.1412,0.712
7.981830,0.4858,-0.5704,-0.0929,0.755
7.991297,0.4930,-0.5270,0.0573,0.724
8.013316,0.4163,-0.4579,0.2447,0.665
8.014018,0.1662,-0.4962,0.4064,0.663
8.022300,-0.1599,-0.7179,0.4496,0.862
8.030945,-0.5109,-1.0958,0.3315,1.254
8.043223,-0.7952,-1.5799,0.1380,1.774
8.050540,-1.0303,-1.9978,-0.0278,2.248
8.060875,-1.0920,-2.2994,-0.2293,2.556
8.070780,-1.0613,-2.5158,-0.5248,2.780
8.080476,-1.0329,-2.6951,-0.8281,3.003
8.090285,-0.9697,-2.8854,-0.9725,3.196
8.113679,-0.8625,-3.0265,-0.9622,3.291
8.114684,-0.6935,-3.2221,-0.8444,3.402
8.121278,-0.4481,-3.3754,-0.6386,3.464
8.129987,-0.2280,-3.4927,-0.4821,3.533
8.140211,-0.0941,-3.5597,-0.3752,3.581
8.149690,-0.0297,-3.5262,-0.3540,3.544
8.160088,-0.0582,-3.3937,-0.3789,3.415
8.169396,-0.0379,-3.2300,-0.5022,3.269
8.179877,-0.0341,-3.0277,-0.6697,3.101
8.192137,-0.0244,-2.8727,-0.7792,2.977
8.219564,-0.1506,-2.7019,-0.7816,2.817
8.220366,-0.3015,-2.5539,-0.7715,2.685
8.220782,-0.4666,-2.3917,-0.8361,2.576
8.229121,-0.6035,-2.2460,-0.6771,2.422
8.239468,-0.6740,-2.1670,-0.4622,2.316
8.248815,-0.6753,-2.2074,-0.1264,2.312
8.258971,-0.6523,-2.3141,0.1716,2.410
8.268685,-0.6369,-2.4594,0.3459,2.564
8.279114,-0.6181,-2.5506,0.3459,2.647
8.289800,-0.6061,-2.5233,0.2819,2.610
8.303755,-0.5878,-2.4568,0.2913,2.543
8.308758,-0.6323,-2.3995,0.5280,2.537
8.328494,-0.6620,-2.2739,0.9564,2.554
8.329482,-0.8420,-2.0264,1.5485,2.686
8.338280,-1.0768,-1.6066,2.1880,2.920
8.347880,-1.2456,-0.9143,2.5568,2.987
8.366557,-1.3459,-0.0023,2.8777,3.177
8.367361,-1.2291,1.0447,2.9958,3.403
8.379236,-1.0017,2.0546,3.0105,3.780
8.389552,-0.6219,2.8584,2.9780,4.174
8.398154,-0.1719,3.4221,2.8328,4.446
8.407884,0.2884,3.7250,2.5580,4.528
8.428469,0.7325,3.9505,2.3380,4.649
8.429464,0.8473,4.2285,2.3484,4.911
8.437222,0.6404,4.4842,2.5687,5.207
8.447474,0.2593,4.6576,2.9517,5.520
8.458190,-0.2137,4.6469,3.4693,5.803
8.468833,-0.4991,4.4535,3.8424,5.903
8.476343,-0.6846,4.0481,3.8926,5.658
8.487093,-0.9031,3.6411,3.4495,5.096
8.496372,-1.5134,3.5508,2.4449,4.569
8.522722,-2.1727,3.7597,1.4611,4.582
8.523577,-2.2577,4.2725,1.0882,4.953
8.529781,-1.6374,4.8735,1.4304,5.336
8.537748,-0.7949,5.3194,1.9462,5.720
8.547510,-0.2142,5.2666,1.8150,5.575
8.555919,0.1062,4.7224,1.3576,4.915
8.565512,0.1755,4.0064,0.8820,4.106
8.583662,-0.1613,3.2010,0.1656,3.209
8.585349,-0.5562,2.3015,-0.8507,2.516
8.596308,-0.7423,1.2516,-2.0577,2.520
8.619082,-0.6457,0.0945,-3.2074,3.273
8.620100,-0.5213,-0.7919,-4.1361,4.243
8.626163,-0.3731,-1.4379,-4.5282,4.766
8.635266,-0.0968,-1.9054,-4.4261,4.820
8.648227,0.2104,-2.1908,-3.9677,4.537
8.656325,0.4494,-2.2361,-3.3674,4.067
8.664863,0.6925,-1.8482,-2.9016,3.509
8.674912,0.8928,-0.9354,-2.5633,2.871
8.684641,0.7757,-0.2687,-2.1481,2.300
8.696875,0.4361,0.0961,-1.8344,1.888
8.718783,0.2280,0.3665,-1.7145,1.768
8.719750,0.1178,0.4732,-1.7021,1.771
8.725729,-0.0745,0.4321,-1.5768,1.637
8.734462,-0.3671,0.3237,-0.9543,1.072
8.744427,-0.5848,0.2006,-0.0758,0.623
8.754352,-0.8190,0.1509,0.4760,0.959
8.763654,-1.0592,0.1749,0.2056,1.093
8.773723,-1.1947,0.2038,-0.8088,1.457
8.783617,-1.1819,0.1941,-1.6820,2.065
8.796491,-1.0054,0.0012,-1.9636,2.206
8.817789,-0.9077,-0.2000,-2.0219,2.225
8.818594,-0.9026,-0.6356,-2.1956,2.457
8.825205,-0.9063,-1.3736,-2.2122,2.757
8.837925,-0.8458,-1.8655,-1.8738,2.776
8.845138,-0.6178,-1.9596,-1.3757,2.473
8.853162,-0.2508,-2.3181,-1.2395,2.641
8.862537,0.1131,-2.8611,-1.4010,3.188
8.872777,0.1625,-3.2736,-1.3133,3.531
8.883901,0.2050,-3.5753,-1.2526,3.794
8.894546,0.2590,-3.6762,-1.1866,3.872
8.902505,0.3494,-3.5332,-0.8773,3.657
8.930417,0.4806,-3.3564,-0.7242,3.467
8.931546,0.5455,-3.0954,-0.5782,3.196
8.932048,0.5313,-2.5552,-0.6859,2.698
8.941819,0.6336,-1.9091,-0.7055,2.132
8.952155,0.6929,-1.2429,-0.6781,1.576
8.962400,0.6626,-0.6086,-0.4316,0.998
8.973226,0.6530,-0.1405,-0.1812,0.692
8.981473,0.6903,0.1413,-0.2427,0.745
8.991605,0.8450,0.2954,-0.3554,0.963
9.004082,0.9936,0.3431,-0.2552,1.082
9.011693,1.0968,0.2791,-0.1522,1.142
9.021316,1.0888,0.1187,-0.0421,1.096
9.031445,0.8245,-0.0599,-0.1086,0.834
9.040866,0.5125,-0.2905,-0.0719,0.593
9.052442,0.2257,-0.6043,-0.0456,0.647
9.064492,-0.0021,-0.9770,0.0476,0.978
9.071195,-0.1271,-1.4330,0.1040,1.442
9.080866,-0.2605,-1.9681,0.1774,1.993
9.090875,-0.3428,-2.4879,0.1729,2.517
9.100215,-0.3770,-2.9164,0.0480,2.941
9.120730,-0.3264,-3.3134,-0.0819,3.330
9.121419,-0.1686,-3.6302,-0.3066,3.647
9.129968,0.0018,-3.9088,-0.5470,3.947
9.141441,0.1282,-4.2429,-0.7908,4.318
9.152476,0.1572,-4.6336,-0.8539,4.714
9.159662,0.0978,-5.0711,-0.7330,5.125
9.170026,-0.0670,-5.4465,-0.5656,5.476
9.179701,-0.3382,-5.7334,-0.5277,5.768
9.190206,-0.6576,-5.8885,-0.3831,5.937
9.200640,-0.7791,-5.8309,-0.0931,5.883
9.220740,-0.6372,-5.4908,0.2394,5.533
9.221471,-0.2377,-4.9134,0.7467,4.976
9.228806,0.0624,-4.3627,1.3486,4.567
9.239310,-0.0244,-3.8622,1.8760,4.294
9.250448,-0.2327,-3.3842,2.1507,4.017
9.259199,-0.4604,-2.9423,2.0342,3.607
9.269198,-0.7646,-2.3664,1.9732,3.175
9.278538,-1.1883,-1.5452,2.0690,2.843
9.288158,-1.5752,-0.5943,2.0379,2.643
9.300755,-1.8316,0.3988,2.0813,2.801
9.321564,-1.6855,1.2412,2.2928,3.105
9.322614,-1.0761,1.6903,2.5079,3.210
9.330009,-0.1098,1.8125,2.7151,3.266
9.338338,0.5598,1.7974,2.8796,3.440
9.348404,0.8765,1.8298,2.9312,3.565
9.364623,1.1127,2.0278,3.1716,3.925
9.368004,1.3174,2.2851,3.7271,4.566
9.377328,1.4604,2.5067,4.2962,5.184
9.388005,1.4170,2.5038,4.7591,5.561
9.399785,1.1674,2.2492,5.1243,5.717
9.407746,0.6628,1.8708,5.3725,5.727
9.417388,0.0791,1.5070,5.2384,5.451
9.436407,-0.0690,1.3827,4.5138,4.721
9.437049,0.1492,1.5669,3.3730,3.722
9.446718,0.3420,1.7130,2.4849,3.037
9.456517,0.1605,1.7335,2.2838,2.872
9.467060,-0.3110,1.6483,2.1629,2.737
9.477886,-0.7826,1.5888,1.5378,2.346
9.489043,-0.8682,1.6154,0.8578,2.025
9.496378,-0.7632,1.6277,0.3945,1.841
9.506825,-0.6128,1.4419,0.1037,1.570
9.516036,-0.3848,1.0774,-0.2938,1.181
9.536483,-0.6191,0.5046,-0.8910,1.197
9.537128,-0.6904,0.2405,-2.1049,2.228
9.546781,-0.2452,0.7240,-3.5452,3.627
9.557137,0.6155,0.8597,-5.4648,5.566
9.567673,0.6886,0.2429,-6.6356,6.676
9.579137,0.5496,1.8731,-5.0112,5.378
9.585581,0.4415,3.4330,-3.6015,4.995
9.596882,-0.0351,4.4676,-2.9720,5.366
9.605704,-0.7572,5.1390,-2.1365,5.617
9.623621,-1.9092,5.3260,-1.4670,5.845
9.631014,-3.3116,4.8374,-1.3684,6.020
9.638736,-4.0953,3.2890,-1.8322,5.563
9.646930,-3.6374,1.7552,-2.1344,4.568
9.657214,-2.5554,0.9965,-1.9135,3.344
9.665213,-1.5473,0.6759,-1.5989,2.325
9.674646,-0.7544,0.3848,-1.4850,1.710
9.684878,-0.2030,0.1071,-1.4648,1.483
9.694822,0.1637,-0.1395,-1.4101,1.426
9.705457,0.3451,-0.4399,-1.3011,1.416
9.731728,0.3876,-0.8507,-1.1777,1.504
9.732542,0.2747,-1.3311,-0.9841,1.678
9.740090,0.0741,-1.7640,-0.8135,1.944
9.744094,-0.2254,-2.0621,-0.7527,2.207
9.753874,-0.4543,-2.1298,-0.8363,2.333
9.764315,-0.5193,-2.0392,-1.0152,2.336
9.773883,-0.4791,-1.7669,-1.1550,2.165
9.783388,-0.2815,-1.3580,-1.1962,1.831
9.793158,0.0854,-0.9012,-1.1214,1.441
9.805435,0.5848,-0.4707,-0.9701,1.227
9.826491,0.9878,-0.2274,-0.8453,1.320
9.827340,1.2607,-0.1021,-0.6967,1.444
9.834426,1.5209,-0.0664,-0.5471,1.618
9.847612,1.7088,-0.1412,-0.4007,1.761
9.853190,1.7393,-0.3354,-0.2099,1.784
9.862947,1.5964,-0.5822,-0.0094,1.699
9.872828,1.2191,-0.9446,0.1061,1.546
9.882606,0.6892,-1.3574,0.1035,1.526
9.893262,0.0673,-1.7063,-0.0050,1.708
9.903438,-0.4633,-1.9984,-0.1866,2.060
9.918418,-0.9418,-2.3176,-0.2984,2.519
9.926263,-1.3229,-2.6033,-0.3773,2.944
9.940711,-1.5463,-2.9107,-0.3779,3.318
9.941573,-1.6281,-3.2584,-0.2828,3.653
9.952014,-1.4847,-3.6557,-0.0696,3.946
9.962974,-1.2435,-3.9423,0.3217,4.146
9.971740,-1.0337,-4.0780,0.7075,4.266
9.982708,-0.9223,-4.1239,1.0395,4.352
9.993530,-0.8256,-4.1202,1.1883,4.367
10.001257,-0.7107,-4.0980,1.2091,4.331
10.011360,-0.6979,-4.0325,1.1233,4.244
10.021850,-0.8426,-3.8498,0.9949,4.065
10.051165,-1.0720,-3.5186,0.8468,3.774
10.051971,-1.2456,-3.0925,0.6963,3.406
10.052372,-1.2848,-2.6736,0.6220,3.031
10.061039,-1.1124,-2.3454,0.8372,2.727
10.072941,-0.8640,-2.1880,1.1409,2.614
10.083655,-0.6941,-2.1639,1.3191,2.628
10.090818,-0.5866,-2.1324,1.3953,2.615
10.100238,-0.5572,-2.0039,1.3071,2.457
10.114173,-0.5368,-1.7377,1.0316,2.091
10.131485,-0.5246,-1.2753,0.7038,1.548
10.132287,-0.5545,-0.6407,0.5248,0.997
10.140047,-0.6044,0.1563,0.5400,0.825
10.151065,-0.7142,0.9473,0.7173,1.386
10.161675,-0.8483,1.5392,1.0810,2.063
10.172962,-0.9644,2.0153,1.5419,2.715
10.179828,-1.1075,2.4697,1.8946,3.304
10.189476,-1.0810,2.7853,2.0371,3.616
10.199537,-0.8369,2.8924,2.4442,3.878
10.210016,-0.3422,3.0226,3.3132,4.498
10.231460,0.2499,2.8455,4.5385,5.363
10.232312,0.7409,2.3444,5.1727,5.727
10.239149,0.8449,1.8607,5.2579,5.641
10.248741,0.7268,1.5145,5.0212,5.295
10.258999,0.5968,1.3329,4.5897,4.816
10.269035,0.4963,1.1365,4.1224,4.305
10.278687,0.4077,0.9923,3.4562,3.619
10.288424,0.0388,1.1450,2.6222,2.862
10.298655,-0.7030,1.7094,1.9243,2.668
10.310992,-1.4684,2.4782,1.6229,3.306
10.331320,-2.0783,3.1370,1.4580,4.036
10.332154,-2.4760,3.4225,1.3437,4.433
10.338405,-2.5702,3.2057,1.2119,4.284
10.348014,-2.3176,2.8581,0.8470,3.776
10.363929,-1.8478,2.4936,0.2730,3.116
10.367539,-1.3145,2.0573,-0.3594,2.468
10.377750,-0.7021,1.4946,-1.0433,1.953
10.387934,0.0267,0.9295,-1.8658,2.085
10.397083,0.5893,0.4035,-2.6961,2.789
10.408998,0.7662,0.0728,-3.0729,3.168
10.423769,0.5945,0.0527,-3.0459,3.104
10.427097,0.2327,0.3786,-2.9208,2.954
10.446758,-0.2985,1.0182,-2.7632,2.960
10.447704,-0.8661,1.7455,-2.5722,3.227
10.457015,-1.1686,2.3497,-2.2855,3.480
10.467333,-1.1523,2.6692,-2.0413,3.552
10.476682,-0.7433,2.9222,-1.9843,3.610
10.486691,0.0007,3.0246,-2.0603,3.660
10.497779,0.6833,2.8592,-2.3067,3.737
10.509258,1.0816,2.5211,-2.5418,3.740
10.516824,1.2668,2.1874,-2.5378,3.582
10.526940,1.2967,1.9608,-2.3550,3.327
10.546815,1.1497,1.7087,-2.1428,2.972
10.547630,0.9562,1.4326,-1.9361,2.591
10.557268,0.7889,1.1289,-1.6434,2.144
10.567598,0.7576,0.8722,-1.3017,1.740
10.577007,0.8177,0.6009,-0.9327,1.378
10.588296,0.8816,0.3698,-0.8480,1.278
10.595747,0.8138,0.2514,-0.8426,1.198
10.606179,0.6142,0.2332,-0.6799,0.945
10.615424,0.3887,0.2362,-0.4495,0.639
10.635534,0.1738,0.2787,-0.2773,0.430
10.636094,0.0336,0.3392,-0.2431,0.419
10.645305,0.0148,0.3046,-0.1573,0.343
10.654983,0.1798,0.1993,0.0522,0.273
10.665396,0.4682,0.0447,0.3925,0.613
10.676585,0.7371,-0.1289,0.7672,1.072
10.699118,0.9293,-0.2823,1.0480,1.429
10.699700,1.1472,-0.5122,1.0370,1.629
10.703970,1.1596,-0.7546,0.5397,1.485
10.717488,1.0162,-1.0499,-0.0682,1.463
10.723806,0.7302,-1.3584,-0.6077,1.658
10.733956,0.3635,-1.6234,-0.9784,1.930
10.744853,-0.0909,-1.8912,-1.1650,2.223
10.755086,-0.6198,-2.2428,-1.0913,2.570
10.763488,-1.0371,-2.6346,-0.8844,2.966
10.773650,-1.2486,-3.1043,-0.6039,3.400
10.784765,-1.2667,-3.6353,-0.3711,3.868
10.793679,-1.1743,-4.1779,-0.3413,4.353
10.803537,-1.0015,-4.6583,-0.4769,4.789
10.815789,-0.7155,-5.0404,-0.7632,5.148
10.838618,-0.4335,-5.3376,-1.0383,5.455
10.839413,-0.2095,-5.5454,-1.1844,5.674
10.845912,-0.0614,-5.5861,-1.1354,5.701
10.852973,-0.0016,-5.4162,-0.8834,5.488
10.863912,0.1013,-5.0625,-0.5325,5.091
10.872638,0.3876,-4.4703,-0.1087,4.488
10.882945,0.8206,-3.8282,0.3166,3.928
10.892635,1.2404,-3.2325,0.5898,3.512
10.902332,1.5510,-2.7071,0.6771,3.193
10.915981,1.6886,-2.2997,0.6876,2.935
10.936573,1.6414,-2.0296,0.6655,2.694
10.937116,1.3571,-1.9177,0.5810,2.420
10.943170,0.9451,-2.0399,0.5803,2.322
10.952108,0.4104,-2.2654,0.7305,2.415
10.962227,-0.0695,-2.6074,1.0738,2.821
10.972075,-0.7884,-3.0226,1.3668,3.410
10.981753,-1.4050,-3.2721,1.5383,3.879
10.991768,-1.4600,-3.2212,1.4032,3.805
11.002772,-1.1290,-2.9434,1.1319,3.350
11.013821,-0.7291,-2.5684,0.9357,2.829
11.028069,-0.4751,-2.1764,0.7320,2.345
11.031721,-0.2207,-1.7568,0.7247,1.913
11.050799,-0.1277,-1.1886,1.0066,1.563
11.051699,-0.2466,-0.4656,1.5662,1.652
11.061125,-0.2508,0.1411,2.3294,2.347
11.071255,-0.1248,0.6237,2.9009,2.970
11.081242,0.1675,1.1328,3.1816,3.381
11.092449,0.6008,1.6311,3.3505,3.775
11.100596,1.0847,2.1903,3.4360,4.217
11.111506,1.7584,2.7122,3.3512,4.656
11.127285,2.6474,3.2513,2.7827,5.032
11.129806,3.6728,4.2423,2.3459,6.082
11.139852,4.4852,5.5449,2.3331,7.504
11.149667,4.5377,6.7889,2.9171,8.671
11.159797,3.6073,7.5832,3.9601,9.284
11.170261,1.8327,7.6805,4.5866,9.132
11.181640,-0.2103,7.1311,4.3116,8.336
11.189576,-1.8403,6.1673,3.2986,7.232
11.199670,-2.8063,4.8148,2.0196,5.928
11.216563,-3.0649,3.4230,1.0704,4.718
11.219421,-2.4674,2.5332,0.5431,3.578
11.231683,-0.6484,1.8513,0.5500,2.037
11.239058,1.8738,1.3267,0.7560,2.417
11.249223,3.8494,1.1263,0.8053,4.091
11.260807,4.6453,1.2119,0.1548,4.803
11.271928,4.4056,1.4266,-1.1860,4.780
11.283245,3.2134,1.7930,-2.4628,4.428
11.289568,1.5960,2.0934,-3.0413,4.022
11.299593,0.1650,2.0945,-2.7877,3.491
11.308205,-0.8813,1.8195,-2.5876,3.284
11.327721,-1.5320,1.4061,-2.9112,3.578
11.328477,-1.7651,1.0249,-3.1992,3.795
11.338875,-1.5423,0.8282,-3.0497,3.516
11.350238,-0.9613,0.7007,-2.4793,2.750
11.363831,-0.4189,0.5326,-1.9928,2.105
11.368028,0.0146,0.3766,-1.9409,1.977
11.378758,0.2237,0.4402,-2.4120,2.462
11.388035,0.0890,0.7646,-2.8753,2.977
11.397818,-0.1192,1.1442,-2.7575,2.988
11.407725,-0.2844,1.4589,-2.0678,2.547
11.420717,-0.4506,1.5298,-1.1140,1.945
11.443418,-0.5355,1.2620,-0.4368,1.439
11.444073,-0.4638,0.8114,-0.2017,0.956
11.450797,-0.0417,0.2472,0.0153,0.251
11.458402,0.6764,-0.3433,0.2940,0.813
11.466918,1.1691,-0.8793,0.2835,1.490
11.476948,1.3032,-1.2196,-0.0503,1.786
11.487045,1.2514,-1.3133,-0.3607,1.850
11.497440,1.1669,-1.2879,-0.6313,1.849
11.507392,1.0814,-1.2323,-0.9257,1.883
11.519016,0.9694,-1.2496,-0.8239,1.783
11.526738,0.9493,-1.4222,-0.2168,1.724
11.535977,0.9283,-1.7477,0.4486,2.029
11.554925,0.8823,-2.1179,0.7212,2.405
11.556173,0.8101,-2.4329,0.4295,2.600
11.565678,0.6393,-2.6896,0.0449,2.765
11.576073,0.4962,-2.9974,-0.0738,3.039
11.585456,0.2828,-3.5124,0.1767,3.528
11.596886,0.0148,-4.1236,0.3265,4.137
11.608069,-0.3349,-4.6141,-0.0968,4.627
11.615507,-0.7010,-4.8073,-0.5577,4.890
11.625501,-1.0656,-4.7903,-0.4130,4.925
11.635421,-1.1951,-4.6829,-0.1713,4.836
11.655940,-1.1876,-4.5369,-0.0306,4.690
11.656786,-1.0702,-4.1940,-0.0646,4.329
11.665706,-0.8533,-3.6934,-0.1581,3.794
11.675698,-0.5673,-3.1279,-0.4595,3.212
11.686717,-0.2108,-2.4899,-0.7865,2.620
11.694682,0.2515,-1.7850,-0.8066,1.975
11.704830,0.7001,-1.0745,-0.5818,1.408
11.714523,0.8005,-0.4477,-0.3698,0.989
11.736515,0.5605,-0.0121,-0.2356,0.608
11.737081,0.3335,0.2462,0.0090,0.415
11.743918,0.1109,0.3016,0.3428,0.470
11.754210,-0.0747,0.2343,0.5923,0.641
11.765011,-0.1711,0.1652,0.6915,0.731
11.776497,-0.2324,0.1904,0.7974,0.852
11.783593,-0.2556,0.1880,1.0925,1.138
11.793869,-0.2771,0.0259,1.5802,1.605
11.803508,-0.3010,-0.2026,1.8280,1.864
11.813323,-0.3768,-0.3594,1.7039,1.782
11.832803,-0.4662,-0.5440,1.5953,1.749
11.833472,-0.5978,-0.9226,1.7687,2.082
11.843131,-0.7494,-1.4020,1.7516,2.365
11.854926,-0.8617,-1.8741,1.3143,2.446
11.865800,-0.8476,-2.2240,0.9971,2.580
11.878704,-0.7381,-2.5253,0.9010,2.781
11.883234,-0.6133,-2.7625,1.0079,3.004
11.892788,-0.4786,-2.7956,1.2173,3.086
11.903145,-0.3911,-2.5909,1.1686,2.869
11.913275,-0.2881,-1.9163,0.9132,2.142
11.935117,-0.2154,-0.9147,0.8116,1.242
11.935868,-0.0690,-0.1523,0.9238,0.939
11.942809,0.1981,0.0883,1.1427,1.163
11.952016,0.4032,0.0440,1.3987,1.456
11.961803,0.4485,-0.2072,1.5177,1.596
11.972063,0.4307,-0.4580,1.4076,1.542
11.981997,0.3195,-0.4291,1.0963,1.220
11.991993,0.0019,0.0267,0.6334,0.634
12.001835,-0.2592,0.7733,0.0790,0.819
12.014952,-0.3681,1.6300,-0.0944,1.674
12.038478,-0.1802,2.4659,0.2514,2.485
12.039338,0.1342,3.2622,0.8124,3.365
12.045539,0.5861,4.0036,1.1422,4.204
12.052497,1.1793,4.5618,1.3187,4.893
12.061298,1.7482,4.6705,1.4906,5.205
12.071457,2.0701,4.2948,1.0196,4.875
12.081608,1.9015,3.6253,-0.2132,4.099
12.091775,1.4187,3.0878,-1.0790,3.565
12.101035,0.9241,2.9915,-1.1716,3.343
12.115193,0.2345,3.4050,-0.7736,3.500
12.120621,-0.5103,4.1983,-0.3840,4.247
12.130210,-0.8241,4.9050,-0.4310,4.992
12.140466,-0.5052,4.9894,-0.7163,5.066
12.167073,0.1933,4.4836,-1.1052,4.622
12.167662,0.9090,3.6953,-1.3899,4.051
12.176973,1.5367,2.8289,-1.4926,3.548
12.184025,1.9656,1.9102,-1.5482,3.148
12.190812,2.1535,1.0270,-1.6476,2.900
12.201433,2.1597,0.2532,-1.7964,2.821
12.215407,1.9543,-0.3321,-1.8856,2.736
12.220165,1.7238,-0.7208,-1.9381,2.692
12.229093,1.5391,-0.9355,-1.8716,2.598
12.241720,1.4724,-0.9734,-1.6747,2.433
12.258341,1.4944,-0.8343,-1.4411,2.237
12.258675,1.4857,-0.5932,-1.2336,2.020
12.268516,1.3644,-0.3585,-1.0049,1.732
12.278854,1.1416,-0.2164,-0.7720,1.395
12.290178,0.8639,-0.2317,-0.4725,1.012
12.298421,0.6176,-0.2624,-0.1057,0.679
12.308203,0.3885,-0.3770,0.0860,0.548
12.323151,0.0785,-0.4697,-0.0085,0.476
12.329674,-0.1665,-0.4812,-0.2603,0.572
12.338154,-0.3498,-0.4773,-0.3580,0.692
12.348196,-0.3403,-0.5565,-0.2615,0.703
12.364166,-0.2409,-0.7953,-0.0033,0.831
12.370674,-0.0981,-1.1780,0.3124,1.223
12.378166,0.0700,-1.6655,0.4194,1.719
12.388113,0.1748,-2.1655,0.3324,2.198
12.398166,0.1841,-2.6392,0.3212,2.665
12.407657,0.1208,-3.0143,0.3003,3.032
12.418249,0.0299,-3.4100,0.2008,3.416
12.438759,-0.0280,-3.7024,0.0215,3.703
12.439470,-0.1255,-3.8992,-0.1445,3.904
12.450641,-0.4127,-4.1167,-0.2720,4.146
12.457909,-0.6608,-4.3350,-0.3514,4.399
12.466972,-0.6124,-4.4502,-0.4983,4.520
12.478223,-0.3551,-4.3507,-0.6180,4.409
12.488836,-0.0634,-4.2236,-0.6150,4.269
12.496701,0.2558,-3.9384,-0.4912,3.977
12.507954,0.4447,-3.6420,-0.3823,3.689
12.519872,0.5088,-3.2919,-0.3276,3.347
12.545205,0.4498,-2.8891,-0.2820,2.937
12.546253,0.3405,-2.3999,-0.3509,2.449
12.546610,0.1198,-1.9416,-0.4238,1.991
12.556667,-0.2294,-1.5395,-0.4326,1.615
12.567313,-0.5075,-1.1659,-0.3240,1.312
12.576181,-0.5230,-0.9345,-0.0713,1.073
12.585813,-0.3009,-0.7621,0.2838,0.867
12.597130,0.0405,-0.6416,0.5401,0.840
12.606304,0.4048,-0.5991,0.6309,0.960
12.616525,0.6669,-0.5785,0.6854,1.118
12.632009,0.8136,-0.5129,0.7212,1.202
12.635434,0.8239,-0.4264,0.7644,1.202
12.652336,0.6655,-0.3350,0.8865,1.158
12.659970,0.4413,-0.3003,1.0888,1.213
12.667200,0.2234,-0.3718,1.3638,1.431
12.675441,-0.0323,-0.6163,1.5618,1.679
12.686351,-0.2214,-0.8846,1.6107,1.851
12.694825,-0.3110,-0.9373,1.5490,1.837
12.706634,-0.2257,-0.7831,1.4644,1.676
12.715026,-0.0641,-0.5752,1.4092,1.523
12.729782,-0.0169,-0.1238,1.4039,1.409
12.735562,-0.0772,0.4373,1.5737,1.635
12.750817,-0.1670,0.8976,1.8805,2.090
12.758392,-0.3058,1.1599,2.3222,2.614
12.765066,-0.5494,1.1626,2.7986,3.080
12.774580,-0.8589,0.7475,3.1450,3.345
12.785202,-0.9478,0.3758,2.9273,3.100
12.796714,-0.6347,0.4257,2.2562,2.382
12.807497,-0.1796,0.9874,1.5927,1.883
12.813857,0.3702,2.0449,1.0996,2.351
12.823775,0.9515,3.4424,0.6195,3.625
12.833105,1.3849,4.9323,0.2601,5.130
12.853420,1.6789,6.4791,0.3388,6.702
12.854392,1.7003,7.6770,0.6624,7.891
12.862966,1.2090,8.0049,0.7245,8.128
12.874579,0.3042,7.0573,0.3688,7.073
12.885233,-0.4920,5.1290,-0.0357,5.153
12.893908,-0.4740,3.2943,-0.4849,3.363
12.903437,0.0496,1.7626,-0.8348,1.951
12.914194,0.4803,0.4317,-1.1569,1.325
12.923642,0.6673,-0.5918,-1.5311,1.772
12.941943,0.5336,-1.2179,-2.1054,2.490
12.942670,0.2679,-1.4260,-2.7562,3.115
12.952101,0.0300,-1.2943,-3.2086,3.460
12.964616,-0.1452,-1.0551,-3.3389,3.505
12.972111,-0.0135,-0.5463,-2.9992,3.049
12.981960,0.2507,-0.1124,-2.4046,2.420
12.992083,0.4703,0.2708,-1.8158,1.895
13.001754,0.5680,0.5159,-1.4582,1.648
13.011981,0.4707,0.6727,-1.3611,1.590
13.023849,0.2709,0.7419,-1.3593,1.572
13.045282,0.0039,0.7313,-1.2620,1.459
13.046022,-0.2627,0.6109,-1.1377,1.318
13.053141,-0.5194,0.3947,-1.0260,1.216
13.063613,-0.5979,0.1022,-0.6798,0.911
13.071960,-0.4959,-0.1977,-0.3847,0.658
13.080914,-0.3203,-0.4574,-0.2068,0.595
13.091174,-0.2150,-0.7663,-0.1467,0.809
13.100601,-0.1491,-1.0010,-0.1385,1.021
13.110946,-0.1820,-1.2244,-0.2606,1.265
13.124202,-0.2278,-1.4355,-0.2764,1.480
13.144912,-0.3979,-1.6066,-0.3570,1.693
13.145761,-0.5930,-1.8477,-0.4379,1.989
13.152987,-0.7760,-2.1708,-0.3710,2.335
13.160605,-0.8842,-2.5789,-0.4217,2.759
13.170152,-0.9586,-3.0560,-0.4457,3.234
13.180038,-0.9253,-3.5268,-0.4831,3.678
13.189989,-0.8801,-3.9316,-0.5230,4.063
13.200341,-0.8397,-4.2620,-0.5943,4.384
13.211333,-0.6846,-4.5560,-0.5894,4.645
13.221902,-0.5409,-4.6699,-0.5621,4.735
13.229497,-0.3930,-4.6420,-0.5142,4.687
13.239941,-0.2898,-4.4791,-0.4867,4.515
13.257758,-0.1882,-4.1826,-0.4419,4.210
13.265945,-0.0475,-3.7095,-0.3134,3.723
13.272947,0.0414,-3.1767,-0.1540,3.181
13.280569,-0.0478,-2.6485,-0.0046,2.649
13.289083,-0.3285,-2.1697,0.0984,2.197
13.300749,-0.6582,-1.7509,0.2530,1.888
13.308637,-0.8221,-1.2331,0.3580,1.525
13.318659,-0.9123,-0.6968,0.4344,1.227
13.329622,-0.9060,-0.2668,0.5160,1.076
13.345477,-0.7642,0.1536,0.6050,0.987
13.352781,-0.5391,0.4011,0.7063,0.975
13.365381,-0.2969,0.4703,0.7641,0.945
13.368734,0.0294,0.4584,0.8070,0.929
13.379084,0.4446,0.4615,0.7266,0.969
13.389931,0.6443,0.5134,0.6078,1.024
13.398150,0.6168,0.6077,0.4850,0.992
13.408318,0.4799,0.6916,0.3985,0.931
13.417879,0.2973,0.7190,0.4656,0.907
13.428064,0.0604,0.6445,0.8000,1.029
13.449228,-0.2762,0.4800,1.1787,1.302
13.449851,-0.6085,0.2749,1.6324,1.764
13.458447,-0.8455,0.1028,1.8913,2.074
13.468959,-0.8716,-0.0834,2.0884,2.265
13.480344,-0.7353,-0.2245,2.1867,2.318
13.491735,-0.4711,-0.2392,2.1712,2.235
13.498008,-0.0979,-0.0573,2.1329,2.136
13.507674,0.3061,0.2878,1.9893,2.033
13.516952,0.4842,0.7595,1.5111,1.759
13.528325,0.4526,1.3426,1.0347,1.754
13.547395,0.4273,2.1001,0.7635,2.275
13.548142,0.3676,3.0440,0.5798,3.120
13.556485,0.2751,4.2199,0.2430,4.236
13.569688,0.3526,5.5782,-0.3602,5.601
13.576295,0.6204,6.8091,-0.9514,6.903
13.586797,1.0034,7.3138,-1.1489,7.471
13.595990,1.0893,6.4799,-0.7961,6.619
13.605548,0.5449,3.8609,-0.1116,3.901
13.615304,0.0937,1.6741,0.2537,1.696
13.629135,-0.1058,0.1199,0.0038,0.160
13.649053,-0.2338,-0.9725,-0.6263,1.180
13.649630,-0.2883,-1.5017,-1.4883,2.134
13.657192,-0.1499,-1.5777,-2.3352,2.822
13.665542,0.1994,-1.3544,-2.8453,3.158
13.683284,0.6236,-0.8350,-2.8622,3.046
13.686292,1.0055,-0.3162,-2.5361,2.746
13.694638,1.2196,0.0329,-2.0699,2.403
13.705328,1.2501,0.2624,-1.6727,2.105
13.714843,1.1757,0.4468,-1.3696,1.860
13.725582,1.1405,0.5387,-1.2277,1.760
13.734111,1.1314,0.5374,-1.2324,1.757
13.745310,1.1839,0.3544,-1.1134,1.663
13.754480,1.2247,-0.0708,-0.7693,1.448
13.764486,1.1759,-0.7177,-0.2793,1.406
13.774177,0.9686,-1.4291,0.2325,1.742
13.784754,0.5636,-1.9052,0.6152,2.080
13.793855,0.0551,-2.0582,0.6746,2.167
13.804717,-0.4739,-1.9237,0.4005,2.021
13.813597,-0.8299,-1.5647,-0.0042,1.771
13.823626,-1.0441,-1.1491,-0.3725,1.597
13.833912,-1.0438,-0.8554,-0.5976,1.476
13.851195,-0.9190,-0.8003,-0.6401,1.377
13.859741,-0.7351,-0.8882,-0.4267,1.229
13.867833,-0.5528,-1.1315,-0.1703,1.271
13.875619,-0.3752,-1.4291,-0.0000,1.478
13.884242,-0.1619,-1.7765,0.1297,1.789
13.894302,0.0615,-2.1497,0.2620,2.167
13.902676,0.3119,-2.4440,0.4509,2.505
13.913135,0.5175,-2.6492,0.5853,2.762
13.923145,0.7048,-2.7039,0.6175,2.862
13.932763,0.7851,-2.6703,0.4674,2.822
13.958744,0.6791,-2.5527,0.2387,2.652
13.959550,0.4606,-2.3470,0.0245,2.392
13.965989,0.1633,-2.2683,-0.1253,2.278
13.973949,-0.0605,-2.2376,-0.1008,2.241
13.985056,-0.3214,-2.2978,-0.1758,2.327
13.992105,-0.7331,-2.3131,-0.3027,2.445
14.002440,-1.0256,-2.2731,-0.3162,2.514
14.011732,-1.0670,-2.2253,-0.2993,2.486
14.021754,-0.9698,-2.0207,-0.3469,2.268
14.032792,-0.6571,-1.7068,-0.4332,1.880
14.053678,-0.2353,-1.3952,-0.4095,1.473
14.054420,0.1051,-1.0780,-0.2882,1.121
14.063969,0.3771,-0.7902,-0.0948,0.881
14.072201,0.5854,-0.5316,0.1884,0.813
14.083201,0.6963,-0.3738,0.5423,0.958
14.091108,0.7776,-0.3401,0.8623,1.210
14.101094,0.7865,-0.3946,1.1039,1.412
14.110803,0.7503,-0.4741,1.2322,1.519
14.120784,0.5697,-0.5305,1.2237,1.450
14.133600,0.3625,-0.5232,1.2422,1.396
14.154931,0.2162,-0.4386,1.2765,1.367
14.155954,0.1162,-0.3013,1.2832,1.323
14.162634,-0.0082,-0.2184,1.3650,1.382
14.171227,-0.2019,-0.2914,1.4542,1.497
14.182648,-0.4025,-0.5448,1.5705,1.710
14.189829,-0.5379,-0.7500,1.7365,1.967
14.199656,-0.6568,-0.7188,1.8412,2.083
14.209708,-0.7252,-0.4603,1.7665,1.964
14.219889,-0.7175,0.0200,1.4828,1.647
14.231487,-0.6070,0.6580,1.0153,1.354
14.245438,-0.3234,1.3685,0.4089,1.464
14.249781,0.1817,2.1152,-0.2163,2.134
14.266585,0.9317,3.0798,-0.5429,3.263
14.275342,1.6084,4.2323,-0.5759,4.564
14.282968,1.9395,5.3128,-0.3606,5.667
14.290640,1.7994,6.2441,0.1679,6.500
14.300594,1.3331,6.7500,0.6636,6.912
14.309123,0.8637,6.7988,0.6177,6.881
14.321216,0.4140,6.3960,0.2478,6.414
14.328755,-0.0422,5.4104,-0.1531,5.413
14.339083,-0.4119,3.8980,-0.4916,3.950
14.348485,-0.3562,2.5519,-0.8092,2.701
14.366389,-0.2107,1.5860,-1.0936,1.938
14.373607,-0.2694,0.8710,-1.4425,1.706
14.380358,-0.4555,0.3003,-1.7902,1.872
14.388021,-0.7244,-0.1347,-2.1376,2.261
14.399738,-0.9510,-0.4304,-2.4638,2.676
14.410175,-1.0688,-0.5838,-2.6906,2.953
14.417609,-1.0450,-0.5286,-2.8064,3.041
14.427515,-0.8530,-0.3691,-2.7624,2.915
14.437566,-0.5933,-0.2460,-2.5101,2.591
14.456694,-0.3308,-0.1993,-2.1227,2.158
14.464739,-0.1135,-0.2268,-1.7214,1.740
14.471562,-0.0205,-0.3315,-1.3548,1.395
14.479009,0.0028,-0.5075,-0.9974,1.119
14.489214,-0.0370,-0.6786,-0.6343,0.930
14.496662,-0.1674,-0.7529,-0.3913,0.865
14.507344,-0.3182,-0.7192,-0.3408,0.857
14.518558,-0.3733,-0.6341,-0.3598,0.819
14.529020,-0.3264,-0.6080,-0.3885,0.792
14.537166,-0.2004,-0.7232,-0.3575,0.831
14.557336,-0.0898,-0.8457,-0.3096,0.905
14.557877,-0.0899,-0.9698,-0.2581,1.008
14.566258,-0.1890,-1.0982,-0.2678,1.146
14.576415,-0.3607,-1.2445,-0.3482,1.342
14.585820,-0.5837,-1.4691,-0.4203,1.636
14.603575,-0.8431,-1.7955,-0.4868,2.042
14.605607,-1.0325,-2.2122,-0.5702,2.507
14.615501,-1.1528,-2.7442,-0.6420,3.045
14.625815,-1.2088,-3.2645,-0.7001,3.551
14.638615,-1.2164,-3.6771,-0.7293,3.941
14.658569,-1.1456,-3.9847,-0.7728,4.218
14.659413,-1.0012,-4.1405,-0.8292,4.340
14.668502,-0.8439,-4.1715,-0.8390,4.338
14.676400,-0.6493,-4.0638,-0.7884,4.190
14.686804,-0.5060,-3.8472,-0.7454,3.951
14.695351,-0.4203,-3.6148,-0.7201,3.710
14.705382,-0.3804,-3.2908,-0.7311,3.392
14.715144,-0.3326,-2.9715,-0.7211,3.076
14.724249,-0.2708,-2.6628,-0.6223,2.748
14.739237,-0.2911,-2.3010,-0.4076,2.355
14.758955,-0.4006,-1.9421,-0.2477,1.998
14.759513,-0.4734,-1.4823,-0.0641,1.557
14.766150,-0.5404,-0.8687,0.1635,1.036
14.776036,-0.5605,-0.2382,0.4263,0.743
14.784189,-0.5967,0.3110,0.6377,0.927
14.793828,-0.6182,0.7025,0.8033,1.233
14.803600,-0.5808,0.8407,0.9090,1.368
14.814438,-0.5654,0.7381,0.9535,1.332
14.825423,-0.6250,0.4819,1.0303,1.298
14.833943,-0.6887,0.1577,1.1056,1.312
14.844611,-0.7451,-0.2293,1.1506,1.390
14.858244,-0.7679,-0.5331,1.1955,1.518
14.869906,-0.7365,-0.7445,1.2500,1.631
14.877839,-0.5840,-0.9124,1.2848,1.681
14.885514,-0.3315,-1.0233,1.2389,1.641
14.893405,-0.1417,-1.0623,1.1688,1.586
14.904011,0.0365,-0.9328,1.0730,1.422
14.914511,0.1834,-0.7100,1.0238,1.259
14.923390,0.3096,-0.4775,0.9932,1.145
14.932923,0.3842,-0.1968,0.9411,1.035
14.946357,0.4093,0.1420,0.9582,1.052
14.961968,0.3770,0.5059,1.0357,1.213
14.962982,0.3943,0.8742,1.1399,1.490
14.976272,0.3174,1.2690,1.1591,1.748
14.983637,0.0676,1.7868,1.0903,2.094
14.992229,-0.3752,2.5166,0.9919,2.731
15.004848,-0.7375,3.5364,0.8506,3.711
15.012189,-0.8266,4.7275,0.6564,4.844
15.021819,-0.7150,6.0829,0.3819,6.137
15.031771,-0.4302,7.2590,0.2969,7.278
15.042377,0.1481,7.8455,0.5093,7.863
15.061596,0.6734,7.5634,0.6596,7.622
15.062525,0.8081,6.0305,0.3658,6.095
15.071417,0.6669,4.0462,-0.2720,4.110
15.083109,0.5686,2.5557,-0.9147,2.773
15.094533,0.5225,1.4477,-1.4878,2.141
15.101102,0.5906,0.5914,-2.0342,2.199
15.111090,0.7635,-0.1517,-2.3907,2.514
15.120499,1.0890,-0.5341,-2.7121,2.971
15.130418,1.3343,-0.6429,-2.7671,3.139
15.141902,1.4256,-0.7361,-2.6953,3.137
15.163116,1.3121,-0.7152,-2.5002,2.913
15.163834,0.9910,-0.6327,-2.2358,2.526
15.170346,0.5234,-0.5231,-1.8380,1.981
15.179846,0.2058,-0.3569,-1.4407,1.498
15.190289,0.0837,-0.2165,-1.1777,1.200
15.200088,0.1113,-0.1976,-1.0765,1.100
15.209773,0.2196,-0.3586,-0.9327,1.023
15.219802,0.3184,-0.6708,-0.7912,1.085
15.229327,0.4056,-1.0228,-0.6402,1.273
15.242175,0.3565,-1.3177,-0.4237,1.429
15.261834,0.1669,-1.4338,-0.2948,1.473
15.262746,-0.0653,-1.4045,-0.2067,1.421
15.272154,-0.3411,-1.4119,-0.1019,1.456
15.299961,-0.6276,-1.4623,-0.0179,1.591
15.300627,-0.9096,-1.6153,-0.0059,1.854
15.301019,-1.0967,-1.8832,-0.1329,2.183
15.308600,-1.0984,-2.1954,-0.3637,2.482
15.318490,-1.0374,-2.5265,-0.5499,2.786
15.332743,-0.8845,-2.8985,-0.6424,3.098
15.340026,-0.6977,-3.2227,-0.6654,3.364
15.348581,-0.4611,-3.4633,-0.5889,3.543
15.364912,-0.1749,-3.6712,-0.4991,3.709
15.367858,0.0807,-3.7547,-0.4374,3.781
15.378578,0.3204,-3.7197,-0.3841,3.753
15.387967,0.5665,-3.5715,-0.3162,3.630
15.397809,0.7491,-3.3533,-0.2155,3.443
15.408122,0.7920,-3.1019,-0.0941,3.203
15.419711,0.6794,-2.8241,-0.0171,2.905
15.427696,0.4474,-2.4923,0.0027,2.532
15.438347,0.1389,-2.0615,-0.0529,2.067
15.450273,-0.1648,-1.6442,-0.1708,1.661
15.466858,-0.4464,-1.2420,-0.1644,1.330
15.467645,-0.5969,-0.9171,-0.0212,1.094
15.477669,-0.7039,-0.6329,0.1356,0.956
15.487113,-0.7202,-0.4103,0.2370,0.862
15.497307,-0.6429,-0.2724,0.3179,0.767
15.508837,-0.4927,-0.1736,0.4333,0.679
15.517239,-0.3680,-0.1195,0.5360,0.661
15.527182,-0.2524,-0.0664,0.6356,0.687
15.537444,-0.0978,-0.0761,0.7650,0.775
15.547751,0.0894,-0.1400,0.9247,0.939
15.568056,0.2413,-0.2628,1.0580,1.117
15.568609,0.2968,-0.3986,1.1991,1.298
15.576876,0.2590,-0.5230,1.2655,1.394
15.585988,0.1760,-0.5867,1.3073,1.444
15.596089,0.0436,-0.5646,1.3245,1.440
15.608928,-0.0889,-0.4440,1.3494,1.423
15.616177,-0.1601,-0.2864,1.3018,1.342
15.626722,-0.2038,-0.1344,1.1916,1.216
15.635669,-0.2113,-0.0878,1.1534,1.176
15.647413,-0.2143,-0.1719,1.2251,1.256
15.667455,-0.2244,-0.2437,1.4056,1.444
15.668066,-0.2811,-0.1011,1.6405,1.667
15.676112,-0.3614,0.3058,1.8495,1.909
15.688559,-0.3892,0.8809,1.9280,2.155
15.695413,-0.3453,1.4964,1.8028,2.368
15.705690,-0.1453,1.9869,1.5103,2.500
15.714774,0.2040,2.4007,1.2138,2.698
15.725508,0.5330,3.0665,1.0272,3.278
15.734822,0.8167,4.1570,0.7627,4.305
15.747974,1.1119,5.5210,0.1815,5.635
15.769480,1.2626,6.7646,-0.7506,6.922
15.770592,1.0753,7.3129,-1.4731,7.537
15.778923,0.7866,7.0703,-1.8538,7.351
15.787952,0.4216,5.9295,-1.7369,6.193
15.794028,-0.2414,4.0269,-1.1355,4.191
15.803937,-0.8267,2.0920,-0.7063,2.358
15.814371,-1.0305,0.5532,-0.6340,1.330
15.823548,-1.1144,-0.6393,-0.9417,1.593
15.836213,-1.1637,-1.5040,-1.4356,2.383
15.844832,-1.0928,-2.1119,-2.0171,3.118
15.853558,-0.9111,-2.4545,-2.4982,3.619
15.863177,-0.5478,-2.5077,-2.9245,3.891
15.877647,-0.1055,-2.2401,-3.2549,3.953
15.889265,0.2582,-1.6722,-3.4379,3.832
15.900124,0.5216,-0.9194,-3.3443,3.507
15.907626,0.5178,-0.2695,-2.8926,2.951
15.917412,0.3355,0.1577,-2.2421,2.273
15.927665,0.0406,0.4346,-1.7625,1.816
15.937377,-0.2250,0.5949,-1.4479,1.581
15.956189,-0.3943,0.6755,-1.2389,1.465
15.956844,-0.4276,0.6618,-1.0372,1.303
15.968218,-0.3263,0.5365,-0.8997,1.097
15.977106,-0.1346,0.3714,-0.7631,0.859
15.987157,0.0329,0.1247,-0.6039,0.617
15.997197,0.1536,-0.1167,-0.5392,0.573
16.006882,0.2057,-0.2980,-0.4961,0.614
16.016465,0.2316,-0.4349,-0.4219,0.649
16.028062,0.1765,-0.5818,-0.4000,0.728
16.036370,-0.0045,-0.7857,-0.3669,0.867
16.047369,-0.2621,-1.0077,-0.2945,1.082
16.065601,-0.5188,-1.3150,-0.2941,1.444
16.066007,-0.8043,-1.6536,-0.3053,1.864
16.075848,-0.9995,-2.0027,-0.3379,2.264
16.087584,-1.1196,-2.2962,-0.4450,2.593
16.096035,-1.1684,-2.5294,-0.5790,2.846
16.105661,-1.1697,-2.6317,-0.6883,2.961
16.115523,-1.1365,-2.7229,-0.7719,3.050
16.125404,-1.0688,-2.7614,-0.7835,3.063
16.136447,-0.9698,-2.7571,-0.7169,3.009
16.149028,-0.8658,-2.7458,-0.5670,2.934
16.155176,-0.7379,-2.7325,-0.3382,2.850
16.165708,-0.6452,-2.6781,-0.1661,2.760
16.189592,-0.6110,-2.5898,-0.0463,2.661
16.190734,-0.5737,-2.4706,0.0500,2.537
16.196610,-0.5740,-2.3354,0.1185,2.408
16.205519,-0.5874,-2.1926,0.1383,2.274
16.216119,-0.6275,-2.0243,0.1381,2.124
16.226629,-0.6965,-1.8926,0.1678,2.024
16.235120,-0.7852,-1.7854,0.2059,1.961
16.245081,-0.8301,-1.6872,0.1634,1.887
16.257557,-0.8295,-1.6252,0.1971,1.835
16.280030,-0.7644,-1.5244,0.2805,1.728
16.280852,-0.6606,-1.4179,0.3295,1.599
16.287217,-0.5916,-1.3158,0.3533,1.485
16.293944,-0.5461,-1.1403,0.3051,1.301
16.305271,-0.4609,-0.8603,0.1997,0.996
16.316418,-0.3370,-0.4848,0.0675,0.594
16.323969,-0.1931,-0.0338,-0.0725,0.209
16.336284,-0.0156,0.4795,-0.1941,0.518
16.346417,0.1202,0.9608,-0.2389,0.997
16.353584,0.0962,1.3258,-0.0793,1.332
16.371097,-0.0113,1.6215,0.2065,1.635
16.373876,-0.1392,1.7817,0.5057,1.857
16.389335,-0.2850,1.7361,0.8587,1.958
16.397198,-0.4374,1.4742,1.3558,2.050
16.407519,-0.6566,0.8711,1.8538,2.151
16.412962,-0.8102,0.1175,2.0860,2.241
16.422910,-0.9155,-0.3073,2.0022,2.223
16.432615,-1.1592,-0.2482,1.8387,2.188
16.442477,-1.2952,0.4258,1.7011,2.180
16.452319,-1.0769,1.6195,1.4096,2.402
16.469502,-0.7710,2.9153,0.8611,3.136
16.473897,-0.4220,4.0341,0.2044,4.061
16.483011,0.1979,5.1025,-0.4801,5.129
16.493471,0.9586,6.1924,-1.1739,6.375
16.502558,1.5598,6.7979,-1.5313,7.141
16.511584,1.7619,6.5674,-1.4519,6.953
16.521622,1.2903,5.1945,-1.0650,5.457
16.531487,0.4473,3.8503,-0.6344,3.928
16.541561,-0.3306,2.9573,-0.4103,3.004
16.554553,-0.6273,2.1883,-0.4228,2.315
16.573001,-0.3995,1.4777,-0.6050,1.646
16.573715,0.0155,0.8456,-0.8893,1.227
16.581209,0.4810,0.2931,-1.1729,1.301
16.591772,0.9065,-0.1919,-1.3352,1.625
16.601453,1.2736,-0.7108,-1.3986,2.021
16.611270,1.4458,-1.1513,-1.3844,2.309
16.620692,1.4311,-1.3922,-1.3882,2.432
16.630856,1.2624,-1.4414,-1.4390,2.396
16.641439,1.0203,-1.2898,-1.4777,2.211
16.651980,0.7759,-1.0305,-1.5209,1.994
16.660474,0.6543,-0.6697,-1.6177,1.869
16.670293,0.5999,-0.3187,-1.7389,1.867
16.680909,0.6213,-0.0867,-1.7159,1.827
16.690453,0.6912,-0.0751,-1.5141,1.666
16.699860,0.7187,-0.3087,-1.2033,1.435
16.709772,0.6337,-0.7619,-0.8002,1.274
16.719788,0.3881,-1.2771,-0.4383,1.405
16.730354,0.0317,-1.6899,-0.1895,1.701
16.741456,-0.3271,-1.9479,-0.0219,1.975
16.749441,-0.6226,-2.1350,-0.0410,2.224
16.759493,-0.8866,-2.3033,-0.0905,2.470
16.769345,-1.1297,-2.4280,-0.1711,2.683
16.781744,-1.2554,-2.6031,-0.2327,2.899
16.789163,-1.3270,-2.8639,-0.3097,3.172
16.799113,-1.3330,-3.1162,-0.3180,3.404
16.808987,-1.2273,-3.4013,-0.2153,3.622
16.820398,-1.0832,-3.7248,-0.1849,3.884
16.829039,-0.7599,-3.9408,-0.1431,4.016
16.839377,-0.2300,-3.9958,-0.1483,4.005
16.849078,0.3570,-3.8828,-0.2337,3.906
16.859088,0.9606,-3.5872,-0.2967,3.725
16.876304,1.4959,-3.1638,-0.2270,3.507
16.882768,1.6380,-2.6361,-0.0755,3.104
16.888741,1.3215,-2.0252,0.1221,2.421
16.899389,0.7801,-1.4264,0.1914,1.637
16.910125,0.3071,-0.8834,0.0771,0.938
16.918312,-0.1868,-0.4415,-0.1644,0.507
16.928561,-0.5713,-0.0587,-0.3979,0.699
16.938769,-0.8829,0.1979,-0.4159,0.996
16.947669,-1.0110,0.2965,-0.2801,1.090
16.958840,-0.9555,0.2667,-0.0576,0.994
16.978480,-0.7911,0.2061,0.2951,0.869
16.979052,-0.5908,0.0777,0.6153,0.857
16.988974,-0.4000,-0.0923,0.8273,0.924
16.999749,-0.2445,-0.2657,0.9224,0.991
17.007242,-0.1500,-0.4437,1.0261,1.128
17.017428,-0.1054,-0.6339,1.1152,1.287
17.027363,-0.1145,-0.8936,1.2053,1.505
17.036761,-0.1503,-1.1527,1.2522,1.709
17.046663,-0.1853,-1.3002,1.1777,1.764
17.059372,-0.2141,-1.3017,1.0460,1.684
17.079079,-0.2557,-1.2323,0.9718,1.590
17.079748,-0.1993,-1.1667,0.8713,1.470
17.086438,-0.0468,-1.1035,0.8049,1.367
17.096546,0.0896,-1.0408,0.8571,1.351
17.106165,0.1356,-0.9669,0.9529,1.364
17.116441,0.0961,-0.9248,1.1314,1.464
17.126626,-0.0175,-0.8271,1.2886,1.531
17.139544,-0.2092,-0.7383,1.4214,1.615
17.147548,-0.4136,-0.6088,1.5424,1.709
17.157872,-0.5738,-0.4209,1.6433,1.791
17.172159,-0.6079,-0.1909,1.6908,1.807
17.192473,-0.5291,0.1380,1.7466,1.830
17.193041,-0.3507,0.6284,1.7481,1.890
17.199568,-0.1453,1.2082,1.4834,1.919
17.206254,0.1274,1.8999,1.2512,2.278
17.215006,0.5259,2.9901,1.1943,3.262
17.227361,0.9449,4.4768,1.1005,4.706
17.235647,1.3347,6.2250,0.8983,6.430
17.247775,1.4671,7.8257,0.6974,7.993
17.254967,1.3211,8.7873,0.2611,8.890
17.264914,1.1690,8.5943,-0.2988,8.679
17.278152,1.1580,6.9858,-0.5386,7.102
17.292730,1.2314,4.7164,-0.4492,4.895
17.299604,1.1302,2.9522,-0.3140,3.177
17.306257,0.7947,1.5976,-0.3335,1.815
17.314335,0.4827,0.5805,-0.6400,0.990
17.325398,0.3009,-0.1412,-1.1402,1.188
17.334448,0.1504,-0.6552,-1.6420,1.774
17.344740,0.0248,-1.0337,-2.1390,2.376
17.354344,-0.1641,-1.2997,-2.5479,2.865
17.377242,-0.4292,-1.4642,-2.9201,3.295
17.378301,-0.6489,-1.4428,-3.1182,3.497
17.383825,-0.7097,-1.2276,-3.0847,3.395
17.393280,-0.6479,-0.9160,-2.7569,2.976
17.406434,-0.6201,-0.5214,-2.3354,2.472
17.415265,-0.6588,-0.1678,-1.9993,2.112
17.423324,-0.6360,0.0634,-1.7960,1.906
17.433034,-0.6060,0.1443,-1.5857,1.704
17.443395,-0.5475,0.0393,-1.2030,1.322
17.452944,-0.5032,-0.1336,-0.9199,1.057
17.463840,-0.4754,-0.2902,-0.6963,0.892
17.486423,-0.4495,-0.3684,-0.5601,0.807
17.487004,-0.3907,-0.4301,-0.5461,0.797
17.494162,-0.2922,-0.4773,-0.5543,0.788
17.503601,-0.1545,-0.5005,-0.5163,0.736
17.512480,0.0052,-0.5576,-0.4172,0.696
17.523023,0.0992,-0.6837,-0.3731,0.785
17.532233,0.1250,-0.8727,-0.4242,0.978
17.542123,0.0951,-1.1627,-0.4021,1.234
17.551986,0.0247,-1.4990,-0.4671,1.570
17.564526,-0.0497,-1.8231,-0.4168,1.871
17.589150,-0.1984,-2.1576,-0.4547,2.214
17.589774,-0.4258,-2.6351,-0.5312,2.722
17.595517,-0.6615,-3.0607,-0.5416,3.178
17.601178,-0.8053,-3.3244,-0.5233,3.460
17.611420,-0.8811,-3.4917,-0.5711,3.646
17.621080,-0.9734,-3.7085,-0.6346,3.886
17.631124,-1.0452,-3.9005,-0.7333,4.104
17.641136,-0.9831,-3.8942,-0.7919,4.094
17.650641,-0.8602,-3.7491,-0.8056,3.930
17.665496,-0.7005,-3.4784,-0.7438,3.625
17.687406,-0.4347,-3.1192,-0.6159,3.209
17.688266,-0.1902,-2.7824,-0.5531,2.843
17.694434,-0.0474,-2.5141,-0.5304,2.570
17.702223,0.0051,-2.2241,-0.4174,2.263
17.710787,-0.0001,-1.8959,-0.2771,1.916
17.719998,-0.0355,-1.5581,-0.1185,1.563
17.730343,-0.0831,-1.1793,0.0511,1.183
17.740683,-0.1260,-0.7992,0.2230,0.839
17.751739,-0.2256,-0.3980,0.4426,0.637
17.759467,-0.2487,-0.0497,0.6041,0.655
17.770413,-0.2532,0.1913,0.7672,0.830
17.779537,-0.2736,0.3079,0.9247,1.012
17.802998,-0.2724,0.3011,0.9780,1.059
17.803709,-0.2579,0.1271,1.0004,1.041
17.809166,-0.2218,-0.0889,1.0094,1.037
17.819810,-0.1555,-0.2408,1.0087,1.049
17.829398,-0.1462,-0.2886,1.0189,1.069
17.841523,-0.1780,-0.2887,0.9996,1.056
17.848697,-0.2490,-0.2587,0.8681,0.939
17.859636,-0.2673,-0.2029,0.6949,0.772
17.869088,-0.2321,-0.1629,0.5639,0.631
17.893470,-0.2010,-0.1916,0.5578,0.623
17.894255,-0.0642,-0.2013,0.6426,0.676
17.900672,0.0336,-0.3252,0.7720,0.838
17.908534,0.0780,-0.5342,0.9672,1.108
17.920010,0.0503,-0.7803,1.1969,1.430
17.931153,0.0194,-0.8753,1.5194,1.754
17.937850,-0.0518,-0.8221,1.7009,1.890
17.948499,-0.1132,-0.5799,1.9860,2.072
17.959401,-0.0856,-0.1577,1.9876,1.996
17.967727,-0.1803,0.5329,1.7299,1.819
17.987849,-0.3890,1.6634,1.4768,2.258
17.988718,-0.3831,3.1577,1.2205,3.407
17.998374,-0.3556,5.0786,1.1703,5.224
18.008992,-0.3366,7.1888,1.1189,7.283
18.017457,0.0561,8.7123,0.6425,8.736
18.027489,0.5344,8.7929,-0.2149,8.812
18.037086,0.6838,7.8342,-0.9744,7.924
18.047150,0.2522,6.0970,-0.9332,6.173
18.061037,-0.1639,4.4909,-0.2775,4.502
18.068423,-0.2231,3.1476,0.2382,3.165
18.080068,-0.1442,2.0632,0.2052,2.078
18.107907,-0.0094,1.1543,-0.4210,1.229
18.108704,0.1162,0.5607,-1.1387,1.275
18.109112,0.3441,0.1574,-1.8283,1.867
18.116506,0.6665,-0.2792,-2.5425,2.643
18.125939,0.9603,-0.6102,-3.0427,3.248
18.136554,1.1416,-0.9257,-3.2178,3.538
18.146402,1.0703,-1.2110,-3.0978,3.494
18.155821,0.8018,-1.3876,-2.7134,3.151
18.168351,0.5163,-1.4279,-2.1834,2.659
18.181860,0.2466,-1.2415,-1.6740,2.099
18.185927,0.0874,-0.9560,-1.3472,1.654
18.210803,-0.0675,-0.7030,-1.2002,1.393
18.211582,-0.1782,-0.5726,-1.1266,1.276
18.219272,-0.2448,-0.6586,-1.1695,1.364
18.227848,-0.2172,-0.8935,-1.1165,1.446
18.235368,-0.0996,-1.2218,-1.1988,1.715
18.245841,0.0967,-1.5911,-1.1675,1.976
18.256605,0.2785,-1.8482,-1.1708,2.206
18.268597,0.4409,-2.0111,-1.1292,2.348
18.274701,0.4845,-2.1382,-0.8335,2.345
18.284840,0.4483,-2.1603,-0.6179,2.291
18.312837,0.3317,-2.2267,-0.5551,2.319
18.313587,0.2088,-2.2964,-0.5791,2.377
18.320831,0.0582,-2.4147,-0.7081,2.517
18.327610,-0.0273,-2.5863,-0.8206,2.714
18.333928,-0.0959,-2.7149,-1.0025,2.896
18.345257,-0.1119,-2.7666,-1.0712,2.969
18.356315,-0.0491,-2.8455,-1.1159,3.057
18.370594,0.0832,-2.8837,-1.2659,3.150
18.373493,0.3007,-2.9461,-1.3079,3.237
18.383977,0.6700,-3.0458,-1.2320,3.353
18.402878,1.0373,-3.0145,-1.0684,3.362
18.410321,1.3366,-2.9839,-0.6998,3.344
18.417414,1.3613,-2.9028,-0.3509,3.225
18.425041,1.1685,-2.6303,-0.2616,2.890
18.436010,0.9407,-2.2176,-0.2148,2.418
18.442969,0.7018,-1.6279,-0.1709,1.781
18.454538,0.4525,-1.0123,-0.1108,1.114
18.463187,0.0779,-0.5224,-0.0078,0.528
18.474561,-0.2512,-0.1365,-0.0491,0.290
18.505805,-0.4011,0.1337,-0.2650,0.499
18.506623,-0.4341,0.1768,-0.2809,0.546
18.507069,-0.3203,0.0476,-0.0635,0.330
18.513732,-0.1704,-0.1957,0.2750,0.378
18.524005,-0.1142,-0.5669,0.6841,0.896
18.532157,-0.0714,-0.9498,1.0297,1.403
18.543622,0.0150,-1.2014,1.2359,1.724
18.552197,0.0716,-1.3562,1.2980,1.879
18.561937,-0.0275,-1.4088,1.3197,1.931
18.574653,-0.2379,-1.3789,1.2720,1.891
18.602397,-0.4338,-1.2918,1.1237,1.766
18.603167,-0.5123,-1.1753,0.9115,1.573
18.603633,-0.4677,-1.0158,0.7255,1.333
18.611510,-0.3145,-0.9179,0.6643,1.176
18.624322,-0.0460,-0.8989,0.6479,1.109
18.631323,0.2695,-0.9294,0.6913,1.189
18.641594,0.5793,-1.0351,0.7931,1.427
18.650990,0.8435,-1.1761,0.8315,1.669
18.660757,1.0189,-1.3070,0.8409,1.858
18.674306,1.1345,-1.3635,0.8502,1.967
18.693453,1.1651,-1.1925,0.9305,1.909
18.694389,1.0550,-0.7690,1.0502,1.675
18.700166,0.8171,-0.5379,1.0077,1.404
18.710735,0.6705,-0.4233,0.7915,1.120
18.721106,0.5473,-0.2503,0.5130,0.791
18.730234,0.4294,0.1140,0.2163,0.494
18.740421,0.3883,0.5712,0.0471,0.692
18.749916,0.4133,1.0732,-0.0599,1.152
18.760328,0.4277,1.5988,-0.0609,1.656
18.772823,0.3778,2.2404,0.0489,2.273
18.786496,0.2638,2.9200,0.1403,2.935
18.789763,0.1364,3.3943,0.2137,3.404
18.809062,0.0148,3.4025,0.2224,3.410
18.810253,-0.2108,2.7386,0.2088,2.755
18.819307,-0.3789,1.3146,0.2864,1.398
18.829061,-0.1107,-0.0638,0.5160,0.532
18.839955,0.2346,-0.9827,0.9152,1.363
18.849851,0.2919,-1.4650,1.1989,1.915
18.859260,0.2415,-1.3927,1.0584,1.766
18.869232,0.1872,-1.4914,0.5524,1.601
18.879196,0.1607,-1.3731,-0.0186,1.383
18.907076,0.1351,-0.6136,-0.5310,0.823
18.907903,0.1317,0.4636,-1.0664,1.170
18.914475,0.0687,1.5589,-1.8733,2.438
18.921945,0.2349,2.0012,-2.1933,2.978
18.929634,0.5837,1.5229,-2.3591,2.868
18.940135,0.7668,0.8677,-2.3385,2.609
18.948209,0.6151,0.1540,-2.1645,2.255
18.959669,0.2464,-0.4372,-2.0403,2.101
18.968831,-0.2076,-0.8606,-1.9390,2.132
18.995585,-0.6941,-1.1281,-1.7631,2.205
18.996461,-1.0265,-1.2864,-1.4927,2.222
18.997885,-1.2482,-1.1926,-1.2369,2.124
19.007111,-1.2578,-0.7616,-0.9801,1.767
19.018960,-1.0839,-0.1873,-0.7962,1.358
19.030301,-0.8705,0.3735,-0.7207,1.190
19.037837,-0.6110,0.8215,-0.7162,1.249
19.048346,-0.2773,1.1441,-0.7026,1.371
19.057481,-0.0136,1.2724,-0.7187,1.461
19.067615,0.1658,1.1439,-0.6857,1.344
19.078382,0.2338,0.8741,-0.6405,1.109
19.114002,0.1896,0.4941,-0.6253,0.819
19.114974,0.0714,0.1276,-0.5900,0.608
19.115304,-0.0505,-0.1836,-0.5993,0.629
19.121870,-0.1083,-0.4826,-0.6204,0.793
19.126324,-0.1656,-0.7219,-0.6501,0.986
19.136804,-0.2023,-0.8496,-0.7107,1.126
19.146797,-0.1866,-0.8984,-0.6889,1.147
19.155707,-0.1812,-0.8960,-0.6875,1.144
19.167082,-0.1447,-0.8463,-0.7418,1.135
19.179337,-0.1365,-0.7829,-0.7284,1.078
19.199387,-0.2270,-0.7129,-0.6801,1.011
19.200063,-0.3837,-0.5907,-0.6526,0.960
19.209492,-0.4851,-0.3833,-0.6086,0.868
19.217482,-0.6241,-0.1250,-0.5361,0.832
19.226606,-0.8109,0.0986,-0.4351,0.926
19.235467,-1.0055,0.2676,-0.3479,1.097
19.246305,-1.1124,0.3429,-0.2722,1.195
19.255236,-1.0808,0.3564,-0.2439,1.164
19.265779,-0.9883,0.3052,-0.2387,1.062
19.280624,-0.7460,0.1764,-0.1929,0.791
19.301449,-0.5261,-0.0161,-0.1071,0.537
19.302256,-0.3704,-0.2381,0.0037,0.440
19.309244,-0.2424,-0.4035,0.1226,0.486
19.316734,-0.1482,-0.4851,0.1911,0.542
19.324104,-0.0635,-0.5447,0.1673,0.573
19.334862,-0.0165,-0.5767,0.1125,0.588
19.344205,-0.0584,-0.6836,0.0611,0.689
19.361079,-0.1584,-0.8163,0.2295,0.863
19.364515,-0.1609,-0.6520,0.2098,0.704
19.373886,-0.2736,-0.6011,0.0707,0.664
19.383850,-0.2924,-0.7836,0.1024,0.843
19.393451,-0.2460,-0.8477,0.0840,0.887
19.403200,-0.2253,-0.7977,0.0167,0.829
19.413108,-0.2880,-0.7264,-0.0207,0.782
19.423330,-0.3040,-0.7515,-0.0242,0.811
19.433153,-0.3037,-0.8084,0.0061,0.864
19.446354,-0.4248,-0.6862,0.0530,0.809
19.455472,-0.5108,-0.5216,0.1034,0.737
